source_file,physical_field,canonical_term,glossary_token,owner_domain,source_standard,party,product_class,im_vm,is_currency,status,notes
ats_summary,line,credit line,line,credit_risk,convention,,,,,draft,
ats_summary,long_name,counterparty long name,long_name,reference_data,convention,,,,,draft,
ats_summary,line_currency,credit line,line,credit_risk,convention,,,,ccy,draft,
ats_summary,limit_3_mo,exposure limit,limit_value,credit_risk,Basel,,,,,draft,
ats_summary,limit_1_yr,exposure limit,limit_value,credit_risk,Basel,,,,,draft,
ats_summary,limit_2_yr,exposure limit,limit_value,credit_risk,Basel,,,,,draft,
ats_summary,limit_5_yr,exposure limit,limit_value,credit_risk,Basel,,,,,draft,
ats_summary,limit_10_yr,exposure limit,limit_value,credit_risk,Basel,,,,,draft,
ats_summary,cartor_max,scenario stressed maximum,scenario_max,credit_risk,convention,,,,,draft,
ats_summary,zero_max,scenario stressed maximum,scenario_max,credit_risk,convention,,,,,draft,
ats_summary,c_25_max,scenario stressed maximum,scenario_max,credit_risk,convention,,,,,draft,
ats_summary,c_75_max,scenario stressed maximum,scenario_max,credit_risk,convention,,,,,draft,
ats_summary,str75_max,scenario stressed maximum,scenario_max,credit_risk,convention,,,,,draft,
ats_summary,one_max,scenario stressed maximum,scenario_max,credit_risk,convention,,,,,draft,
ats_summary,prod_max,scenario stressed maximum,scenario_max,credit_risk,convention,,,,,draft,
ats_summary,strmpr025_max,scenario stressed maximum,scenario_max,credit_risk,convention,,,,,draft,
ats_summary,max_of_all,scenario stressed maximum,scenario_max,credit_risk,convention,,,,,draft,
ats_summary,max_all_less_cartor,scenario stressed maximum,scenario_max,credit_risk,convention,,,,,draft,
ats_summary,scenario_of_max,scenario of max,scenario_of_max,credit_risk,convention,,,,,draft,
ats_summary,percentage_of_impact,percentage of impact,percentage_of_impact,credit_risk,convention,,,,,draft,
clients_report,counterparty_code,entity code,entity_code,reference_data,convention,CP,,,,draft,
clients_report,counterparty_long_name,counterparty long name,counterparty_long_name,reference_data,convention,CP,,,,draft,
clients_report,c2c_line,client-to-counterparty line,c2c_line,credit_risk,convention,,,,,draft,
clients_report,c2c_line_expiry,credit line,line,credit_risk,convention,,,,,draft,
clients_report,c2c_no_line_indicator,no-line indicator,no_line_indicator,credit_risk,convention,,,,,draft,
clients_report,cont_line,continuation line,cont_line,credit_risk,convention,,,,,draft,
clients_report,cont_line_expiry,credit line,line,credit_risk,convention,,,,,draft,
clients_report,cont_no_line_indicator,no-line indicator,no_line_indicator,credit_risk,convention,,,,,draft,
clients_report,immediate_parent,immediate parent,immediate_parent,reference_data,FIBO,,,,,draft,
clients_report,ultimate_parent,ultimate parent,ultimate_parent,reference_data,FIBO,,,,,draft,
clients_report,bis_code,BIS code,bis_code,reference_data,convention,,,,,draft,
clients_report,cif_number,CIF (Customer Information File) number,cif_number,reference_data,convention,,,,,draft,
clients_report,country_of_risk,country of risk,country_of_risk,reference_data,convention,,,,,draft,
clients_report,td_country_of_risk_rating,country risk rating,country_risk_rating,reference_data,convention,TD,,,,draft,
clients_report,location_of_residence,location of residence,location_of_residence,reference_data,convention,,,,,draft,
clients_report,td_account_rating,account rating,account_rating,reference_data,convention,TD,,,,draft,
clients_report,sic_class,SIC classification,sic,reference_data,ISO,,,,,draft,
clients_report,sic_code,SIC classification,sic,reference_data,ISO,,,,,draft,
clients_report,sic_segment,SIC classification,sic,reference_data,ISO,,,,,draft,
clients_report,sic_group,SIC classification,sic,reference_data,ISO,,,,,draft,
clients_report,sic_industry,SIC classification,sic,reference_data,ISO,,,,,draft,
clients_report,td_industry_risk_rating,industry risk rating,industry_risk_rating,reference_data,convention,TD,,,,draft,
clients_report,bloomberg_ticker,Bloomberg industry classification,bloomberg_classification,reference_data,industry,,,,,draft,
clients_report,bloomberg_industry_sector,Bloomberg industry classification,bloomberg_classification,reference_data,industry,,,,,draft,
clients_report,bloomberg_industry_group,Bloomberg industry classification,bloomberg_classification,reference_data,industry,,,,,draft,
clients_report,bloomberg_industry_subgroup,Bloomberg industry classification,bloomberg_classification,reference_data,industry,,,,,draft,
clients_report,s_p_rating,S&P rating,sp_rating,reference_data,industry,,,,,draft,
clients_report,moody_s_rating,Moody's rating,moodys_rating,reference_data,industry,,,,,draft,
clients_report,composite_secured_rating,composite rating,composite_rating,credit_risk,convention,,,,,draft,
clients_report,composite_unsecured_rating,composite rating,composite_rating,credit_risk,convention,,,,,draft,
clients_report,composite_subordinated_rating,composite rating,composite_rating,credit_risk,convention,,,,,draft,
clients_report,composite_preferred_rating,composite rating,composite_rating,credit_risk,convention,,,,,draft,
clients_report,bis_eligible,BIS eligible,bis_eligible,reference_data,convention,,,,,draft,
clients_report,multibranch_netting,netting,netting,credit_risk,ISDA,,,,,draft,
clients_report,isda,ISDA Master Agreement,isda,credit_risk,ISDA,,,,,draft,
clients_report,ifema,IFEMA,ifema,credit_risk,industry,,,,,draft,
clients_report,csa,Credit Support Annex,csa,credit_risk,ISDA,,,,,draft,
clients_report,net_fx,netting,netting,credit_risk,ISDA,,FX,,,draft,
clients_report,net_fxo,netting,netting,credit_risk,ISDA,,FXO,,,draft,
clients_report,net_derv,netting,netting,credit_risk,ISDA,,DERV,,,draft,
clients_report,xnet_all,netting,netting,credit_risk,ISDA,,ALL,,,draft,
clients_report,csa_irs,Credit Support Annex,csa,credit_risk,ISDA,,IR,,,draft,
clients_report,csa_ccs,Credit Support Annex,csa,credit_risk,ISDA,,CCS,,,draft,
clients_report,csa_iro,Credit Support Annex,csa,credit_risk,ISDA,,IR,,,draft,
clients_report,csa_fx,Credit Support Annex,csa,credit_risk,ISDA,,FX,,,draft,
clients_report,csa_fxo,Credit Support Annex,csa,credit_risk,ISDA,,FXO,,,draft,
clients_report,csa_bo,Credit Support Annex,csa,credit_risk,ISDA,,BO,,,draft,
clients_report,csa_eqd,Credit Support Annex,csa,credit_risk,ISDA,,EQD,,,draft,
clients_report,csa_crd,Credit Support Annex,csa,credit_risk,ISDA,,CRD,,,draft,
clients_report,csa_com,Credit Support Annex,csa,credit_risk,ISDA,,COMM,,,draft,
clients_report,csa_pm,Credit Support Annex,csa,credit_risk,ISDA,,PM,,,draft,
clients_report,up_cif,CIF (Customer Information File) number,cif_number,reference_data,convention,,,,,draft,
clients_report,agreement_id,collateral agreement identifier,collateral_agreement_id,credit_risk,convention,,,,,draft,
clients_report,agreement_type,agreement type,agreement_type,credit_risk,ISDA,,,,,draft,
clients_report,agreement_group_code,agreement group,agreement_group,credit_risk,ISDA,,,,,draft,
clients_report,business_date,business date,business_date,shared,convention,,,,,draft,
lines_report,line,credit line,line,credit_risk,convention,,,,,draft,
lines_report,long_name,counterparty long name,long_name,reference_data,convention,,,,,draft,
lines_report,line_type,line type,line_type,credit_risk,convention,,,,,draft,
lines_report,line_expiry,line expiry date,line_expiry,credit_risk,convention,,,,,draft,
lines_report,days_since_expiry,days since expiry,days_since_expiry,credit_risk,convention,,,,,draft,
lines_report,no_line_indicator,no-line indicator,no_line_indicator,credit_risk,convention,,,,,draft,
lines_report,line_currency,credit line,line,credit_risk,convention,,,,ccy,draft,
lines_report,parent_line_name,parent line name,parent_line_name,credit_risk,convention,,,,,draft,
lines_report,branch_locations,branch locations,branch_locations,reference_data,convention,,,,,draft,
lines_report,number_of_associated_clients,associated clients,associated_clients,credit_risk,convention,,,,,draft,
lines_report,worst_rating_of_associated_clients,worst associated rating,worst_rating,credit_risk,convention,,,,,draft,
lines_report,number_of_associated_clients_with_lines,,,,,,,,,unmatched,review / add to glossary
lines_report,excess_flag,excess flag,excess_flag,credit_risk,convention,,,,,draft,
lines_report,excess_report_date,excess report date,excess_report_date,credit_risk,convention,,,,,draft,
lines_report,roll_off_limit,roll-off limit,roll_off_limit,credit_risk,convention,,,,,draft,
lines_report,min_availability_5_10_yr,availability,availability,credit_risk,convention,,,,,draft,
lines_report,min_availability_10_50_yr,availability,availability,credit_risk,convention,,,,,draft,
lines_report,max_usage_0_3_mo,usage,usage,credit_risk,convention,,,,,draft,
lines_report,max_usage_3_12_mo,usage,usage,credit_risk,convention,,,,,draft,
lines_report,max_usage_1_2_yr,usage,usage,credit_risk,convention,,,,,draft,
lines_report,max_usage_2_5_yr,usage,usage,credit_risk,convention,,,,,draft,
lines_report,max_usage_5_10_yr,usage,usage,credit_risk,convention,,,,,draft,
lines_report,max_usage_10_50_yr,usage,usage,credit_risk,convention,,,,,draft,
lines_report,usage_3_mo,usage,usage,credit_risk,convention,,,,,draft,
lines_report,usage_1_yr,usage,usage,credit_risk,convention,,,,,draft,
lines_report,usage_2_yr,usage,usage,credit_risk,convention,,,,,draft,
lines_report,usage_5_yr,usage,usage,credit_risk,convention,,,,,draft,
lines_report,usage_10_yr,usage,usage,credit_risk,convention,,,,,draft,
lines_report,usage_50_yr,usage,usage,credit_risk,convention,,,,,draft,
lines_report,limit_3_mo,exposure limit,limit_value,credit_risk,Basel,,,,,draft,
lines_report,limit_1_yr,exposure limit,limit_value,credit_risk,Basel,,,,,draft,
lines_report,limit_2_yr,exposure limit,limit_value,credit_risk,Basel,,,,,draft,
lines_report,limit_5_yr,exposure limit,limit_value,credit_risk,Basel,,,,,draft,
lines_report,limit_10_yr,exposure limit,limit_value,credit_risk,Basel,,,,,draft,
lines_report,limit_50_yr,exposure limit,limit_value,credit_risk,Basel,,,,,draft,
lines_report,ccs_term_limit,product term limit,term_limit,credit_risk,convention,,CCS,,,draft,
lines_report,comm_term_limit,product term limit,term_limit,credit_risk,convention,,COMM,,,draft,
lines_report,crd_term_limit,product term limit,term_limit,credit_risk,convention,,CRD,,,draft,
lines_report,eqd_term_limit,product term limit,term_limit,credit_risk,convention,,EQD,,,draft,
lines_report,fx_term_limit,product term limit,term_limit,credit_risk,convention,,FX,,,draft,
lines_report,ir_term_limit,product term limit,term_limit,credit_risk,convention,,IR,,,draft,
lines_report,ngas_term_limit,product term limit,term_limit,credit_risk,convention,,NGAS,,,draft,
lines_report,other_term_limit,product term limit,term_limit,credit_risk,convention,,,,,draft,
lines_report,oes_term_limit,product term limit,term_limit,credit_risk,convention,,OES,,,draft,
lines_report,initial_margin,,,,,,,,,unmatched,review / add to glossary
lines_report,gross_max_exposure,gross max exposure,gross_max_exposure,credit_risk,convention,,,,,draft,
lines_report,threshold,threshold,thr,credit_risk,ISDA,,,,,draft,
lines_report,mark_to_market,mark-to-market,mtm,credit_risk,convention,,,,,draft,
lines_report,variation_margin,,,,,,,,,unmatched,review / add to glossary
lines_report,mc_frequency,margin call frequency,margin_call_frequency,credit_risk,ISDA,,,,,draft,
lines_report,facility_id,facility identifier,facility_id,credit_risk,convention,,,,,draft,
lines_report,frr,facility risk rating,frr,credit_risk,convention,,,,,draft,
lines_report,negative_mtm,mark-to-market,mark_to_market,credit_risk,convention,,,,,draft,
lines_report,secured_limit,secured limit,secured_limit,credit_risk,convention,,,,,draft,
lines_report,source,source,source,shared,convention,,,,,draft,
lines_report,business_date,business date,business_date,shared,convention,,,,,draft,
limits,credit_rating,credit rating,credit_rating,reference_data,convention,,,,,draft,
limits,limit,exposure limit,limit_value,credit_risk,Basel,,,,,draft,
limits,excess_percent,excess percent,excess_percent,credit_risk,convention,,,,,draft,
limits,last_modified_date,last modified date,last_modified_date,shared,convention,,,,,draft,
trades_cmos_dm_sample.csv,Trade Identifier Party A,trade,trd,trades,FpML,,,,,draft,
trades_cmos_dm_sample.csv,Trade Identifier 2 Party A,trade,trd,trades,FpML,,,,,draft,
trades_cmos_dm_sample.csv,Trade Date,trade,trd,trades,FpML,,,,,draft,
trades_cmos_dm_sample.csv,Effective Date,date,dt,shared,ISO,,,,,draft,
trades_cmos_dm_sample.csv,Maturity Date,maturity,mat,trades,FIBO,,,,,draft,
trades_cmos_dm_sample.csv,Party B Branch Name,branch,branch,reference_data,convention,,,,,draft,
trades_cmos_dm_sample.csv,Strike Price,strike price,strike_price,trades,FpML,,,,,draft,
trades_cmos_dm_sample.csv,Buy or Sell,buy/sell indicator,buy_sell,trades,FpML,,,,,draft,
trades_cmos_dm_sample.csv,Put or Call,strike price,strike_price,trades,FpML,,,,,draft,
trades_cmos_dm_sample.csv,Exchanged Notional 1 Amount,notional,notional,trades,FpML,,,,,draft,
trades_cmos_dm_sample.csv,Exchanged Notional 1 Currency,notional,notional,trades,FpML,,,,ccy,draft,
trades_cmos_dm_sample.csv,Exchanged Notional 2 Amount,notional,notional,trades,FpML,,,,,draft,
trades_cmos_dm_sample.csv,Exchanged Notional 2 Currency,notional,notional,trades,FpML,,,,ccy,draft,
trades_cmos_dm_sample.csv,Valuation Base Currency Amount,valuation date,valuation_date,shared,convention,,,,ccy,draft,
trades_cmos_dm_sample.csv,Valuation Base Currency,valuation date,valuation_date,shared,convention,,,,ccy,draft,
trades_cmos_dm_sample.csv,Valuation Date,valuation date,valuation_date,shared,convention,,,,,draft,
trades_cmos_dm_sample.csv,Underlying,underlying,underlying,trades,FpML,,,,,draft,
trades_cmos_dm_sample.csv,External ID,trade identifier,trade_id,trades,FpML,,,,,draft,
trades_cmos_dm_sample.csv,Valuation Base Currency Amount T-1,valuation date,valuation_date,shared,convention,,,,ccy,draft,
trades_cmos_dm_sample.csv,Margin Type,margin type,margin_type,credit_risk,ISDA,,,,,draft,
trades_cmos_dm_sample.csv,Settlement Date,settlement date,settlement_date,shared,convention,,,,,draft,
trades_cmos_dm_sample.csv,Agreement Name,agreement,agrmt,credit_risk,FIBO,,,,,draft,
trades_cmos_dm_sample.csv,IMS Portfolio,portfolio,portfolio,trades,convention,,,,,draft,
trades_cmos_dm_sample.csv,IMS Desk,portfolio,portfolio,trades,convention,,,,,draft,
trades_cmos_dm_sample.csv,Model,IM calculation method,im_calc_method,credit_risk,ISDA,,,,,draft,
trades_cmos_dm_sample.csv,PAI,Price Alignment Interest,pai,credit_risk,convention,,,,,draft,
trades_cmos_dm_sample.csv,PAI Rate,Price Alignment Interest,pai,credit_risk,convention,,,,,draft,
trades_cmos_dm_sample.csv,Source System,source system,source_system,shared,convention,,,,,draft,
trades_cmos_dm_sample.csv,Product Type,ISDA product taxonomy,isda_product_type,trades,ISDA,,,,,draft,
trades_cmos_dm_sample.csv,Trade Identifier Party B,trade,trd,trades,FpML,,,,,draft,
trades_cmos_dm_sample.csv,Applicable Agreements,agreement type,agreement_type,credit_risk,ISDA,,,,,draft,
trades_cmos_dm_sample.csv,Deal Level Upfronts,upfront payment,upfront,trades,convention,,,,,draft,
trades_cmos_dm_sample.csv,Deal Level Type,,,,,,,,,unmatched,review / add to glossary
trades_cmos_dm_sample.csv,Deal Level Amount,,,,,,,,,unmatched,review / add to glossary
trades_cmos_dm_sample.csv,Deal Level Currency,,,,,,,,ccy,unmatched,review / add to glossary
trades_cmos_dm_sample.csv,Party A Branch Name,branch,branch,reference_data,convention,,,,,draft,
settlementinstructions_cmos_dm_sample.csv,Agreement Id,collateral agreement identifier,collateral_agreement_id,credit_risk,convention,,,,,draft,
settlementinstructions_cmos_dm_sample.csv,Bucket,time bucket,time_bucket,credit_risk,convention,,,,,draft,
settlementinstructions_cmos_dm_sample.csv,Type,,,,,,,,,unmatched,review / add to glossary
settlementinstructions_cmos_dm_sample.csv,Asset,collateral holding,asset_holding,credit_risk,convention,,,,,draft,
settlementinstructions_cmos_dm_sample.csv,Prc_Account Number,settlement instruction,settlement_instruction,credit_risk,convention,TD,,,,draft,
settlementinstructions_cmos_dm_sample.csv,Prc_Beneficiary Bank,settlement instruction,settlement_instruction,credit_risk,convention,TD,,,,draft,
settlementinstructions_cmos_dm_sample.csv,Prc_Ultimate Custodian,settlement instruction,settlement_instruction,credit_risk,convention,TD,,,,draft,
settlementinstructions_cmos_dm_sample.csv,Cpty_Account Number,settlement instruction,settlement_instruction,credit_risk,convention,CP,,,,draft,
settlementinstructions_cmos_dm_sample.csv,Cpty_Beneficiary Bank,settlement instruction,settlement_instruction,credit_risk,convention,CP,,,,draft,
settlementinstructions_cmos_dm_sample.csv,Cpty_Ultimate Custodian,settlement instruction,settlement_instruction,credit_risk,convention,CP,,,,draft,
settlementinstructions_cmos_dm_sample.csv,Agreement Description,agreement,agrmt,credit_risk,FIBO,,,,,draft,
settlementinstructions_cmos_dm_sample.csv,Business Line,credit line,line,credit_risk,convention,,,,,draft,
settlementinstructions_cmos_dm_sample.csv,Counterparty,,,,,CP,,,,unmatched,review / add to glossary
settlementinstructions_cmos_dm_sample.csv,Principal,principal,principal,credit_risk,ISDA,TD,,,,draft,
agreements_cmos_dm_sample.csv,External Id,trade identifier,trade_id,trades,FpML,,,,,draft,
agreements_cmos_dm_sample.csv,Principal LEI,principal,principal,credit_risk,ISDA,TD,,,,draft,
agreements_cmos_dm_sample.csv,Principal,principal,principal,credit_risk,ISDA,TD,,,,draft,
agreements_cmos_dm_sample.csv,Principal Code,entity code,entity_code,reference_data,convention,TD,,,,draft,
agreements_cmos_dm_sample.csv,Counterparty,,,,,CP,,,,unmatched,review / add to glossary
agreements_cmos_dm_sample.csv,Counterparty Code,entity code,entity_code,reference_data,convention,CP,,,,draft,
agreements_cmos_dm_sample.csv,Counterparty LEI,Legal Entity Identifier,lei,reference_data,ISO,CP,,,,draft,
agreements_cmos_dm_sample.csv,Principal Rating,rating,rtg,reference_data,FIBO,TD,,,,draft,
agreements_cmos_dm_sample.csv,Counterparty Rating,rating,rtg,reference_data,FIBO,CP,,,,draft,
agreements_cmos_dm_sample.csv,Agreement Category,agreement category,agreement_category,credit_risk,convention,,,,,draft,
agreements_cmos_dm_sample.csv,GroupName,agreement group,agreement_group,credit_risk,ISDA,,,,,draft,
agreements_cmos_dm_sample.csv,Base Currency,CSA / collateral currency,csa_currency,credit_risk,ISDA,,,,ccy,draft,
agreements_cmos_dm_sample.csv,IM Legal Review Frequency,margin call frequency,margin_call_frequency,credit_risk,ISDA,,,IM,,draft,
agreements_cmos_dm_sample.csv,Legal Review Frequency,margin call frequency,margin_call_frequency,credit_risk,ISDA,,,,,draft,
agreements_cmos_dm_sample.csv,Reciprocity,reciprocity,reciprocity,credit_risk,ISDA,,,,,draft,
agreements_cmos_dm_sample.csv,Counterparty Fixed MTA Values,Minimum Transfer Amount,mta,credit_risk,ISDA,CP,,,,draft,
agreements_cmos_dm_sample.csv,Counterparty Fixed MTA Value CCY,Minimum Transfer Amount,mta,credit_risk,ISDA,CP,,,ccy,draft,
agreements_cmos_dm_sample.csv,Counterparty IM Fixed MTA Values,Minimum Transfer Amount,mta,credit_risk,ISDA,CP,,IM,,draft,
agreements_cmos_dm_sample.csv,Counterparty IM Fixed MTA Value CCY,Minimum Transfer Amount,mta,credit_risk,ISDA,CP,,IM,ccy,draft,
agreements_cmos_dm_sample.csv,Counterparty Fixed Rounding Values,rounding amount,rounding,credit_risk,ISDA,CP,,,,draft,
agreements_cmos_dm_sample.csv,Counterparty Fixed Rounding Value CCY,rounding amount,rounding,credit_risk,ISDA,CP,,,ccy,draft,
agreements_cmos_dm_sample.csv,Counterparty Fixed Threshold Value CCY,threshold,thr,credit_risk,ISDA,CP,,,ccy,draft,
agreements_cmos_dm_sample.csv,Counterparty Fixed Threshold Values,threshold,thr,credit_risk,ISDA,CP,,,,draft,
agreements_cmos_dm_sample.csv,Counterparty Fixed Values,,,,,CP,,,,unmatched,review / add to glossary
agreements_cmos_dm_sample.csv,Counterparty IM,,,,,CP,,IM,,unmatched,review / add to glossary
agreements_cmos_dm_sample.csv,Counterparty IM Fixed Rounding Value CCY,rounding amount,rounding,credit_risk,ISDA,CP,,IM,ccy,draft,
agreements_cmos_dm_sample.csv,Counterparty IM Fixed Rounding Values,rounding amount,rounding,credit_risk,ISDA,CP,,IM,,draft,
agreements_cmos_dm_sample.csv,Counterparty IM Fixed Threshold Value CCY,threshold,thr,credit_risk,ISDA,CP,,IM,ccy,draft,
agreements_cmos_dm_sample.csv,Counterparty IM Fixed Threshold Values,threshold,thr,credit_risk,ISDA,CP,,IM,,draft,
agreements_cmos_dm_sample.csv,Counterparty IM Fixed Values,,,,,CP,,IM,,unmatched,review / add to glossary
agreements_cmos_dm_sample.csv,Counterparty IM Rating Contingent Values,rating,rtg,reference_data,FIBO,CP,,IM,,draft,
agreements_cmos_dm_sample.csv,Counterparty IM Seg Type,collateral segregation,segregation,credit_risk,Basel,CP,,IM,,draft,
agreements_cmos_dm_sample.csv,Principal Fixed MTA Value CCY,Minimum Transfer Amount,mta,credit_risk,ISDA,TD,,,ccy,draft,
agreements_cmos_dm_sample.csv,Principal Fixed MTA Values,Minimum Transfer Amount,mta,credit_risk,ISDA,TD,,,,draft,
agreements_cmos_dm_sample.csv,Principal Fixed Rounding Value CCY,rounding amount,rounding,credit_risk,ISDA,TD,,,ccy,draft,
agreements_cmos_dm_sample.csv,Principal Fixed Rounding Values,rounding amount,rounding,credit_risk,ISDA,TD,,,,draft,
agreements_cmos_dm_sample.csv,Principal Fixed Threshold Value CCY,threshold,thr,credit_risk,ISDA,TD,,,ccy,draft,
agreements_cmos_dm_sample.csv,Principal Fixed Threshold Values,threshold,thr,credit_risk,ISDA,TD,,,,draft,
agreements_cmos_dm_sample.csv,Principal Fixed Values,,,,,TD,,,,unmatched,review / add to glossary
agreements_cmos_dm_sample.csv,Principal IM,,,,,TD,,IM,,unmatched,review / add to glossary
agreements_cmos_dm_sample.csv,Principal IM Fixed MTA Value CCY,Minimum Transfer Amount,mta,credit_risk,ISDA,TD,,IM,ccy,draft,
agreements_cmos_dm_sample.csv,Principal IM Fixed MTA Values,Minimum Transfer Amount,mta,credit_risk,ISDA,TD,,IM,,draft,
agreements_cmos_dm_sample.csv,Principal IM Fixed Rounding Value CCY,rounding amount,rounding,credit_risk,ISDA,TD,,IM,ccy,draft,
agreements_cmos_dm_sample.csv,Principal IM Fixed Rounding Values,rounding amount,rounding,credit_risk,ISDA,TD,,IM,,draft,
agreements_cmos_dm_sample.csv,Principal IM Fixed Threshold Value CCY,threshold,thr,credit_risk,ISDA,TD,,IM,ccy,draft,
agreements_cmos_dm_sample.csv,Principal IM Fixed Threshold Values,threshold,thr,credit_risk,ISDA,TD,,IM,,draft,
agreements_cmos_dm_sample.csv,Principal IM Fixed Values,,,,,TD,,IM,,unmatched,review / add to glossary
agreements_cmos_dm_sample.csv,Principal IM Rating Contingent Values,rating,rtg,reference_data,FIBO,TD,,IM,,draft,
agreements_cmos_dm_sample.csv,Principal IM Seg Type,collateral segregation,segregation,credit_risk,Basel,TD,,IM,,draft,
agreements_cmos_dm_sample.csv,Principal Industry,,,,,TD,,,,unmatched,review / add to glossary
agreements_cmos_dm_sample.csv,Principal Agreement IA,agreement,agrmt,credit_risk,FIBO,TD,,,,draft,
agreements_cmos_dm_sample.csv,Counterparty Agreement IA,agreement,agrmt,credit_risk,FIBO,CP,,,,draft,
agreements_cmos_dm_sample.csv,Agreement Date,agreement,agrmt,credit_risk,FIBO,,,,,draft,
agreements_cmos_dm_sample.csv,Agreement Id,collateral agreement identifier,collateral_agreement_id,credit_risk,convention,,,,,draft,
agreements_cmos_dm_sample.csv,Agreement Status,agreement status,agreement_status,credit_risk,convention,,,,,draft,
agreements_cmos_dm_sample.csv,Agreement Description,agreement,agrmt,credit_risk,FIBO,,,,,draft,
agreements_cmos_dm_sample.csv,Agreement Type,agreement type,agreement_type,credit_risk,ISDA,,,,,draft,
agreements_cmos_dm_sample.csv,AgreementGroupCode,agreement group,agreement_group,credit_risk,ISDA,,,,,draft,
agreements_cmos_dm_sample.csv,Counterparty Seg Type,collateral segregation,segregation,credit_risk,Basel,CP,,,,draft,
agreements_cmos_dm_sample.csv,Principal Seg Type,collateral segregation,segregation,credit_risk,Basel,TD,,,,draft,
agreements_cmos_dm_sample.csv,Segregation,collateral segregation,segregation,credit_risk,Basel,,,,,draft,
agreements_cmos_dm_sample.csv,Linkage Set,linkage set,linkage_set,credit_risk,convention,,,,,draft,
agreements_cmos_dm_sample.csv,Assets,,,,,,,,,unmatched,review / add to glossary
agreements_cmos_dm_sample.csv,Custodian,custodian,custodian,credit_risk,FIBO,,,,,draft,
agreements_cmos_dm_sample.csv,SIMM Principal Calculation Currency,ISDA SIMM,simm,credit_risk,ISDA,TD,,,ccy,draft,
agreements_cmos_dm_sample.csv,SIMM CP Calculation Currency,ISDA SIMM,simm,credit_risk,ISDA,CP,,,ccy,draft,
Repo_trades_cmos_dm_sample.csv,Trade Identifier Party A,trade,trd,trades,FpML,,,,,draft,
Repo_trades_cmos_dm_sample.csv,Trade Identifier 2 Party A,trade,trd,trades,FpML,,,,,draft,
Repo_trades_cmos_dm_sample.csv,Trade Date,trade,trd,trades,FpML,,,,,draft,
Repo_trades_cmos_dm_sample.csv,Start Date,date,dt,shared,ISO,,,,,draft,
Repo_trades_cmos_dm_sample.csv,End Date,date,dt,shared,ISO,,,,,draft,
Repo_trades_cmos_dm_sample.csv,Party A Branch Name,branch,branch,reference_data,convention,,,,,draft,
Repo_trades_cmos_dm_sample.csv,Party B Branch Name,branch,branch,reference_data,convention,,,,,draft,
Repo_trades_cmos_dm_sample.csv,Valuation Date,valuation date,valuation_date,shared,convention,,,,,draft,
Repo_trades_cmos_dm_sample.csv,Underlying,underlying,underlying,trades,FpML,,,,,draft,
Repo_trades_cmos_dm_sample.csv,External ID,trade identifier,trade_id,trades,FpML,,,,,draft,
Repo_trades_cmos_dm_sample.csv,Settlement Date,settlement date,settlement_date,shared,convention,,,,,draft,
Repo_trades_cmos_dm_sample.csv,IMS Portfolio,portfolio,portfolio,trades,convention,,,,,draft,
Repo_trades_cmos_dm_sample.csv,IMS Desk,portfolio,portfolio,trades,convention,,,,,draft,
Repo_trades_cmos_dm_sample.csv,Source System,source system,source_system,shared,convention,,,,,draft,
Repo_trades_cmos_dm_sample.csv,Product Type,ISDA product taxonomy,isda_product_type,trades,ISDA,,,,,draft,
dailyexposure_cmos_dm_sample.csv,Principal Agreement Level IA,agreement,agrmt,credit_risk,FIBO,TD,,,,draft,
dailyexposure_cmos_dm_sample.csv,Counterparty Agreement Level IA,agreement,agrmt,credit_risk,FIBO,CP,,,,draft,
dailyexposure_cmos_dm_sample.csv,Base Threshold Principal,threshold,thr,credit_risk,ISDA,TD,,,,draft,
dailyexposure_cmos_dm_sample.csv,Base Threshold Principal IM,threshold,thr,credit_risk,ISDA,TD,,IM,,draft,
dailyexposure_cmos_dm_sample.csv,Base Threshold Counterparty,threshold,thr,credit_risk,ISDA,CP,,,,draft,
dailyexposure_cmos_dm_sample.csv,Base Threshold Counterparty IM,threshold,thr,credit_risk,ISDA,CP,,IM,,draft,
dailyexposure_cmos_dm_sample.csv,Base Min Transfer Principal,Minimum Transfer Amount,mta,credit_risk,ISDA,TD,,,,draft,
dailyexposure_cmos_dm_sample.csv,Base Min Transfer Counterparty,Minimum Transfer Amount,mta,credit_risk,ISDA,CP,,,,draft,
dailyexposure_cmos_dm_sample.csv,Base Min Transfer Counterparty IM,Minimum Transfer Amount,mta,credit_risk,ISDA,CP,,IM,,draft,
dailyexposure_cmos_dm_sample.csv,Base External IA,Independent Amount,ia,credit_risk,ISDA,,,,,draft,
dailyexposure_cmos_dm_sample.csv,Base Counterparty External IA,Independent Amount,ia,credit_risk,ISDA,CP,,,,draft,
dailyexposure_cmos_dm_sample.csv,Base Counterparty I.A.,,,,,,,,,unmatched,review / add to glossary
dailyexposure_cmos_dm_sample.csv,Base Principal I.A.,,,,,,,,,unmatched,review / add to glossary
dailyexposure_cmos_dm_sample.csv,Counterparty Rounding,rounding amount,rounding,credit_risk,ISDA,CP,,,,draft,
dailyexposure_cmos_dm_sample.csv,Principal Rounding,rounding amount,rounding,credit_risk,ISDA,TD,,,,draft,
dailyexposure_cmos_dm_sample.csv,ITM Exposure,in-the-money exposure,itm_exposure,credit_risk,convention,,,,,draft,
dailyexposure_cmos_dm_sample.csv,OTM Exposure,out-of-the-money exposure,otm_exposure,credit_risk,convention,,,,,draft,
dailyexposure_cmos_dm_sample.csv,Base Total Exposure Amount,total exposure amount,total_exposure,credit_risk,convention,,,,,draft,
dailyexposure_cmos_dm_sample.csv,Action,call status,call_status,credit_risk,convention,,,,,draft,
dailyexposure_cmos_dm_sample.csv,Agreed Amount,agreed amount,agreed_amount,credit_risk,convention,,,,,draft,
dailyexposure_cmos_dm_sample.csv,Base Call Amount,margin call,margin_call,credit_risk,ISDA,,,,,draft,
dailyexposure_cmos_dm_sample.csv,Booked Amount First Leg,booked amount,booked_amount,credit_risk,convention,,,,,draft,
dailyexposure_cmos_dm_sample.csv,Booked Amount Second Leg,booked amount,booked_amount,credit_risk,convention,,,,,draft,
dailyexposure_cmos_dm_sample.csv,Call Status,call status,call_status,credit_risk,convention,,,,,draft,
dailyexposure_cmos_dm_sample.csv,Counterparty Amount,agreed amount,agreed_amount,credit_risk,convention,CP,,,,draft,
dailyexposure_cmos_dm_sample.csv,Reporting Call Amount,margin call,margin_call,credit_risk,ISDA,,,,,draft,
dailyexposure_cmos_dm_sample.csv,Model,IM calculation method,im_calc_method,credit_risk,ISDA,,,,,draft,
dailyexposure_cmos_dm_sample.csv,Agreement Id,collateral agreement identifier,collateral_agreement_id,credit_risk,convention,,,,,draft,
dailyexposure_cmos_dm_sample.csv,Event Id,collateral event,event,credit_risk,convention,,,,,draft,
dailyexposure_cmos_dm_sample.csv,External Id,trade identifier,trade_id,trades,FpML,,,,,draft,
dailyexposure_cmos_dm_sample.csv,Instrument ID,trade identifier,trade_id,trades,FpML,,,,,draft,
dailyexposure_cmos_dm_sample.csv,Margin Type,margin type,margin_type,credit_risk,ISDA,,,,,draft,
dailyexposure_cmos_dm_sample.csv,Reporting Currency,,,,,,,,ccy,unmatched,review / add to glossary
dailyexposure_cmos_dm_sample.csv,Dispute Age,dispute age,dispute_age,credit_risk,convention,,,,,draft,
dailyexposure_cmos_dm_sample.csv,Counterparty IM Rounding,rounding amount,rounding,credit_risk,ISDA,CP,,IM,,draft,
dailyexposure_cmos_dm_sample.csv,Principal IM Rounding,rounding amount,rounding,credit_risk,ISDA,TD,,IM,,draft,
dailyexposure_cmos_dm_sample.csv,IM Requirement,,,,,,,IM,,unmatched,review / add to glossary
dailyexposure_cmos_dm_sample.csv,Event Date,collateral event,event,credit_risk,convention,,,,,draft,
dailyexposure_cmos_dm_sample.csv,Counterparty,,,,,CP,,,,unmatched,review / add to glossary
dailyexposure_cmos_dm_sample.csv,Agreement Description,agreement,agrmt,credit_risk,FIBO,,,,,draft,
disputes_cmos_dm_sample.csv,Counterparty,,,,,CP,,,,unmatched,review / add to glossary
disputes_cmos_dm_sample.csv,Description,,,,,,,,,unmatched,review / add to glossary
disputes_cmos_dm_sample.csv,Action,call status,call_status,credit_risk,convention,,,,,draft,
disputes_cmos_dm_sample.csv,Time,timestamp,ts,shared,ISO,,,,,draft,
disputes_cmos_dm_sample.csv,Base Currency,CSA / collateral currency,csa_currency,credit_risk,ISDA,,,,ccy,draft,
disputes_cmos_dm_sample.csv,Reporting Dispute Amount,dispute amount,dispute_amount,credit_risk,convention,,,,,draft,
disputes_cmos_dm_sample.csv,Dispute Age,dispute age,dispute_age,credit_risk,convention,,,,,draft,
disputes_cmos_dm_sample.csv,Dispute Amount,dispute amount,dispute_amount,credit_risk,convention,,,,,draft,
disputes_cmos_dm_sample.csv,Agreement Id,collateral agreement identifier,collateral_agreement_id,credit_risk,convention,,,,,draft,
disputes_cmos_dm_sample.csv,Event Id,collateral event,event,credit_risk,convention,,,,,draft,
cmos_collateral_sample.json,schemaType,,,,,,,,,unmatched,review / add to glossary
cmos_collateral_sample.json,schemaVersion,,,,,,,,,unmatched,review / add to glossary
cmos_collateral_sample.json,asOfTimestamp,,,,,,,,,unmatched,review / add to glossary
cmos_collateral_sample.json,agreement.agreementGroupCode,agreement group,agreement_group,credit_risk,ISDA,,,,,draft,
cmos_collateral_sample.json,agreement.collateralAgreementId,collateral agreement identifier,collateral_agreement_id,credit_risk,convention,,,,,draft,
cmos_collateral_sample.json,agreement.agreements[].agreementId,collateral agreement identifier,collateral_agreement_id,credit_risk,convention,,,,,draft,
cmos_collateral_sample.json,agreement.agreements[].agreementType,agreement type,agreement_type,credit_risk,ISDA,,,,,draft,
cmos_collateral_sample.json,agreement.counterparties.td.entityCode,entity code,entity_code,reference_data,convention,,,,,draft,
cmos_collateral_sample.json,agreement.counterparties.td.lei,Legal Entity Identifier,lei,reference_data,ISO,,,,,draft,
cmos_collateral_sample.json,agreement.counterparties.cp.entityCode,entity code,entity_code,reference_data,convention,,,,,draft,
cmos_collateral_sample.json,agreement.counterparties.cp.lei,Legal Entity Identifier,lei,reference_data,ISO,,,,,draft,
cmos_collateral_sample.json,agreement.tradeExposureList[].tradeId,trade identifier,trade_id,trades,FpML,,,,,draft,
cmos_collateral_sample.json,agreement.tradeExposureList[].sourceSystem,source system,source_system,shared,convention,,,,,draft,
cmos_collateral_sample.json,agreement.tradeExposureList[].productType,ISDA product taxonomy,isda_product_type,trades,ISDA,,,,,draft,
cmos_collateral_sample.json,agreement.tradeExposureList[].buySell,buy/sell indicator,buy_sell,trades,FpML,,,,,draft,
cmos_collateral_sample.json,agreement.tradeExposureList[].effectiveDate,date,dt,shared,ISO,,,,,draft,
cmos_collateral_sample.json,agreement.tradeExposureList[].maturityDate,maturity,mat,trades,FIBO,,,,,draft,
cmos_collateral_sample.json,agreement.tradeExposureList[].notional.amount,,,,,,,,,unmatched,review / add to glossary
cmos_collateral_sample.json,agreement.tradeExposureList[].notional.currency,,,,,,,,ccy,unmatched,review / add to glossary
cmos_collateral_sample.json,agreement.tradeExposureList[].pv.amount,,,,,,,,,unmatched,review / add to glossary
cmos_collateral_sample.json,agreement.tradeExposureList[].pv.currency,,,,,,,,ccy,unmatched,review / add to glossary
cmos_collateral_sample.json,agreement.tradeExposureList[].pv.valuationDate,valuation date,valuation_date,shared,convention,,,,,draft,
cmos_collateral_sample.json,agreement.tradeExposureList[].applicableAgreements[],agreement type,agreement_type,credit_risk,ISDA,,,,,draft,
cmos_collateral_sample.json,agreement.exposureSummary.im.totalExposure,total exposure amount,total_exposure,credit_risk,convention,,,,,draft,
cmos_collateral_sample.json,agreement.exposureSummary.im.currency,,,,,,,,ccy,unmatched,review / add to glossary
cmos_collateral_sample.json,agreement.exposureSummary.vm.totalExposure,total exposure amount,total_exposure,credit_risk,convention,,,,,draft,
cmos_collateral_sample.json,agreement.exposureSummary.vm.currency,,,,,,,,ccy,unmatched,review / add to glossary
cmos_collateral_sample.json,agreement.marginCalls[].marginType,margin type,margin_type,credit_risk,ISDA,,,,,draft,
cmos_collateral_sample.json,agreement.marginCalls[].direction,direction,direction,credit_risk,convention,,,,,draft,
cmos_collateral_sample.json,agreement.marginCalls[].amount,,,,,,,,,unmatched,review / add to glossary
cmos_collateral_sample.json,agreement.marginCalls[].currency,,,,,,,,ccy,unmatched,review / add to glossary
cmos_collateral_sample.json,agreement.marginCalls[].status,,,,,,,,,unmatched,review / add to glossary
cmos_collateral_sample.json,agreement.assetHoldings[].assetId,collateral holding,asset_holding,credit_risk,convention,,,,,draft,
cmos_collateral_sample.json,agreement.assetHoldings[].assetType,collateral holding,asset_holding,credit_risk,convention,,,,,draft,
cmos_collateral_sample.json,agreement.assetHoldings[].issuer,issuer,issuer,reference_data,FIBO,,,,,draft,
cmos_collateral_sample.json,agreement.assetHoldings[].currency,,,,,,,,ccy,unmatched,review / add to glossary
cmos_collateral_sample.json,agreement.assetHoldings[].positionType,collateral holding,asset_holding,credit_risk,convention,,,,,draft,
cmos_collateral_sample.json,agreement.assetHoldings[].reportedCollateralValue,collateral value,collateral_value,credit_risk,convention,,,,,draft,
cmos_collateral_sample.json,agreement.assetHoldings[].valuationDate,valuation date,valuation_date,shared,convention,,,,,draft,
cmos_collateral_sample.json,agreement.assetMovements[].movementType,collateral movement,asset_movement,credit_risk,convention,,,,,draft,
cmos_collateral_sample.json,agreement.assetMovements[].marginType,margin type,margin_type,credit_risk,ISDA,,,,,draft,
cmos_collateral_sample.json,agreement.assetMovements[].assetId,collateral holding,asset_holding,credit_risk,convention,,,,,draft,
cmos_collateral_sample.json,agreement.assetMovements[].amount,,,,,,,,,unmatched,review / add to glossary
cmos_collateral_sample.json,agreement.assetMovements[].currency,,,,,,,,ccy,unmatched,review / add to glossary
cmos_collateral_sample.json,agreement.assetMovements[].settlementDate,settlement date,settlement_date,shared,convention,,,,,draft,
cmos_collateral_sample.json,agreement.assetMovements[].status,,,,,,,,,unmatched,review / add to glossary
tams_agreement_sample.json,schemaType,,,,,,,,,unmatched,review / add to glossary
tams_agreement_sample.json,sourceSystem,source system,source_system,shared,convention,,,,,draft,
tams_agreement_sample.json,asOfTimestamp,,,,,,,,,unmatched,review / add to glossary
tams_agreement_sample.json,agreementGroup.agreementGroupCode,agreement group,agreement_group,credit_risk,ISDA,,,,,draft,
tams_agreement_sample.json,agreementGroup.counterparties.td.entityCode,entity code,entity_code,reference_data,convention,,,,,draft,
tams_agreement_sample.json,agreementGroup.counterparties.td.legalName,,,,,,,,,unmatched,review / add to glossary
tams_agreement_sample.json,agreementGroup.counterparties.td.lei,Legal Entity Identifier,lei,reference_data,ISO,,,,,draft,
tams_agreement_sample.json,agreementGroup.counterparties.cp.entityCode,entity code,entity_code,reference_data,convention,,,,,draft,
tams_agreement_sample.json,agreementGroup.counterparties.cp.legalName,,,,,,,,,unmatched,review / add to glossary
tams_agreement_sample.json,agreementGroup.counterparties.cp.lei,Legal Entity Identifier,lei,reference_data,ISO,,,,,draft,
tams_agreement_sample.json,agreements[].agreementId,collateral agreement identifier,collateral_agreement_id,credit_risk,convention,,,,,draft,
tams_agreement_sample.json,agreements[].agreementType,agreement type,agreement_type,credit_risk,ISDA,,,,,draft,
tams_agreement_sample.json,agreements[].agreementCategory,agreement category,agreement_category,credit_risk,convention,,,,,draft,
tams_agreement_sample.json,agreements[].status,,,,,,,,,unmatched,review / add to glossary
tams_agreement_sample.json,agreements[].effectiveDate,date,dt,shared,ISO,,,,,draft,
tams_agreement_sample.json,agreements[].regulatoryRegime,regulatory regime,regulatory_regime,credit_risk,Basel,,,,,draft,
tams_agreement_sample.json,agreements[].imTerms.calculationMethod,IM calculation method,im_calc_method,credit_risk,ISDA,,,,,draft,
tams_agreement_sample.json,agreements[].imTerms.threshold.td,,,,,TD,,,,unmatched,review / add to glossary
tams_agreement_sample.json,agreements[].imTerms.threshold.cp,counterparty,cpty,reference_data,FIBO,CP,,,,draft,
tams_agreement_sample.json,agreements[].imTerms.threshold.currency,,,,,,,,ccy,unmatched,review / add to glossary
tams_agreement_sample.json,agreements[].imTerms.mta.td,,,,,TD,,,,unmatched,review / add to glossary
tams_agreement_sample.json,agreements[].imTerms.mta.cp,counterparty,cpty,reference_data,FIBO,CP,,,,draft,
tams_agreement_sample.json,agreements[].imTerms.mta.currency,,,,,,,,ccy,unmatched,review / add to glossary
tams_agreement_sample.json,agreements[].imTerms.rounding,rounding amount,rounding,credit_risk,ISDA,,,,,draft,
tams_agreement_sample.json,agreements[].imTerms.segregation.td,,,,,TD,,,,unmatched,review / add to glossary
tams_agreement_sample.json,agreements[].imTerms.segregation.cp,counterparty,cpty,reference_data,FIBO,CP,,,,draft,
tams_agreement_sample.json,agreements[].productEligibility[],product eligibility,product_eligibility,credit_risk,ISDA,,,,,draft,
cmos_collateral_sample_three_components.json,_component_1_REG_IMC.schemaType,,,,,,,,,unmatched,review / add to glossary
cmos_collateral_sample_three_components.json,_component_1_REG_IMC.schemaVersion,,,,,,,,,unmatched,review / add to glossary
cmos_collateral_sample_three_components.json,_component_1_REG_IMC.versionTimestamp,,,,,,,,,unmatched,review / add to glossary
cmos_collateral_sample_three_components.json,_component_1_REG_IMC.version,,,,,,,,,unmatched,review / add to glossary
cmos_collateral_sample_three_components.json,_component_1_REG_IMC.collateralAgreementID,collateral agreement identifier,collateral_agreement_id,credit_risk,convention,,,,,draft,
cmos_collateral_sample_three_components.json,_component_1_REG_IMC.agreementID,collateral agreement identifier,collateral_agreement_id,credit_risk,convention,,,,,draft,
cmos_collateral_sample_three_components.json,_component_1_REG_IMC.agreementGroupCode,agreement group,agreement_group,credit_risk,ISDA,,,,,draft,
cmos_collateral_sample_three_components.json,_component_1_REG_IMC.agreementType,agreement type,agreement_type,credit_risk,ISDA,,,,,draft,
cmos_collateral_sample_three_components.json,_component_1_REG_IMC.agreementDescription,agreement,agrmt,credit_risk,FIBO,,,,,draft,
cmos_collateral_sample_three_components.json,_component_1_REG_IMC.td,,,,,TD,,,,unmatched,review / add to glossary
cmos_collateral_sample_three_components.json,_component_1_REG_IMC.tdLei,Legal Entity Identifier,lei,reference_data,ISO,TD,,,,draft,
cmos_collateral_sample_three_components.json,_component_1_REG_IMC.tdShortCode,entity code,entity_code,reference_data,convention,TD,,,,draft,
cmos_collateral_sample_three_components.json,_component_1_REG_IMC.cp,counterparty,cpty,reference_data,FIBO,CP,,,,draft,
cmos_collateral_sample_three_components.json,_component_1_REG_IMC.cpLei,Legal Entity Identifier,lei,reference_data,ISO,CP,,,,draft,
cmos_collateral_sample_three_components.json,_component_1_REG_IMC.cpShortCode,entity code,entity_code,reference_data,convention,CP,,,,draft,
cmos_collateral_sample_three_components.json,_component_1_REG_IMC.goldtierID,GoldTier identifier,goldtier_id,reference_data,convention,,,,,draft,
cmos_collateral_sample_three_components.json,_component_1_REG_IMC.internalFlag,indicator,ind,shared,convention,,,,,draft,
cmos_collateral_sample_three_components.json,_component_1_REG_IMC.cpRating,rating,rtg,reference_data,FIBO,CP,,,,draft,
cmos_collateral_sample_three_components.json,_component_1_REG_IMC.tdRating,rating,rtg,reference_data,FIBO,TD,,,,draft,
cmos_collateral_sample_three_components.json,_component_1_REG_IMC.agreementCategory,agreement category,agreement_category,credit_risk,convention,,,,,draft,
cmos_collateral_sample_three_components.json,_component_1_REG_IMC.agreementGroup,agreement group,agreement_group,credit_risk,ISDA,,,,,draft,
cmos_collateral_sample_three_components.json,_component_1_REG_IMC.csaCcy,CSA / collateral currency,csa_currency,credit_risk,ISDA,,,,ccy,draft,
cmos_collateral_sample_three_components.json,_component_1_REG_IMC.imMcFrequency,margin call frequency,margin_call_frequency,credit_risk,ISDA,,,IM,,draft,
cmos_collateral_sample_three_components.json,_component_1_REG_IMC.mcFrequency,margin call frequency,margin_call_frequency,credit_risk,ISDA,,,,,draft,
cmos_collateral_sample_three_components.json,_component_1_REG_IMC.reciprocity,reciprocity,reciprocity,credit_risk,ISDA,,,,,draft,
cmos_collateral_sample_three_components.json,_component_1_REG_IMC.linkageSet,linkage set,linkage_set,credit_risk,convention,,,,,draft,
cmos_collateral_sample_three_components.json,_component_1_REG_IMC.cpMTA,Minimum Transfer Amount,mta,credit_risk,ISDA,CP,,,,draft,
cmos_collateral_sample_three_components.json,_component_1_REG_IMC.cpMTACcy,Minimum Transfer Amount,mta,credit_risk,ISDA,CP,,,ccy,draft,
cmos_collateral_sample_three_components.json,_component_1_REG_IMC.cpIMMTA,Minimum Transfer Amount,mta,credit_risk,ISDA,CP,,IM,,draft,
cmos_collateral_sample_three_components.json,_component_1_REG_IMC.cpIMMTACcy,Minimum Transfer Amount,mta,credit_risk,ISDA,CP,,IM,ccy,draft,
cmos_collateral_sample_three_components.json,_component_1_REG_IMC.cpThreshold,threshold,thr,credit_risk,ISDA,CP,,,,draft,
cmos_collateral_sample_three_components.json,_component_1_REG_IMC.cpIMThreshold,threshold,thr,credit_risk,ISDA,CP,,IM,,draft,
cmos_collateral_sample_three_components.json,_component_1_REG_IMC.cpIMThresholdCcy,threshold,thr,credit_risk,ISDA,CP,,IM,ccy,draft,
cmos_collateral_sample_three_components.json,_component_1_REG_IMC.cpFixedRoundingValues,rounding amount,rounding,credit_risk,ISDA,CP,,,,draft,
cmos_collateral_sample_three_components.json,_component_1_REG_IMC.cpIMFixedRoundingValues,rounding amount,rounding,credit_risk,ISDA,CP,,IM,,draft,
cmos_collateral_sample_three_components.json,_component_1_REG_IMC.tdMTA,Minimum Transfer Amount,mta,credit_risk,ISDA,TD,,,,draft,
cmos_collateral_sample_three_components.json,_component_1_REG_IMC.tdMTACcy,Minimum Transfer Amount,mta,credit_risk,ISDA,TD,,,ccy,draft,
cmos_collateral_sample_three_components.json,_component_1_REG_IMC.tdIMMTA,Minimum Transfer Amount,mta,credit_risk,ISDA,TD,,IM,,draft,
cmos_collateral_sample_three_components.json,_component_1_REG_IMC.tdIMMTACcy,Minimum Transfer Amount,mta,credit_risk,ISDA,TD,,IM,ccy,draft,
cmos_collateral_sample_three_components.json,_component_1_REG_IMC.tdThreshold,threshold,thr,credit_risk,ISDA,TD,,,,draft,
cmos_collateral_sample_three_components.json,_component_1_REG_IMC.tdIMThreshold,threshold,thr,credit_risk,ISDA,TD,,IM,,draft,
cmos_collateral_sample_three_components.json,_component_1_REG_IMC.tdIMThresholdCcy,threshold,thr,credit_risk,ISDA,TD,,IM,ccy,draft,
cmos_collateral_sample_three_components.json,_component_1_REG_IMC.tdFixedRoundingValues,rounding amount,rounding,credit_risk,ISDA,TD,,,,draft,
cmos_collateral_sample_three_components.json,_component_1_REG_IMC.legacyExcessCollateral,breach excess amount,excess_amount,credit_risk,convention,,,,,draft,
cmos_collateral_sample_three_components.json,_component_1_REG_IMC.tdIMFixedRoundingValues,rounding amount,rounding,credit_risk,ISDA,TD,,IM,,draft,
cmos_collateral_sample_three_components.json,_component_1_REG_IMC.segregation,collateral segregation,segregation,credit_risk,Basel,,,,,draft,
cmos_collateral_sample_three_components.json,_component_1_REG_IMC.tdSegregationType,collateral segregation,segregation,credit_risk,Basel,TD,,,,draft,
cmos_collateral_sample_three_components.json,_component_1_REG_IMC.cpSegregationType,collateral segregation,segregation,credit_risk,Basel,CP,,,,draft,
cmos_collateral_sample_three_components.json,_component_1_REG_IMC.tdIMSegregationType,collateral segregation,segregation,credit_risk,Basel,TD,,IM,,draft,
cmos_collateral_sample_three_components.json,_component_1_REG_IMC.cpIMSegregationType,collateral segregation,segregation,credit_risk,Basel,CP,,IM,,draft,
cmos_collateral_sample_three_components.json,_component_1_REG_IMC.simmTDCallCcy,ISDA SIMM,simm,credit_risk,ISDA,TD,,,ccy,draft,
cmos_collateral_sample_three_components.json,_component_1_REG_IMC.simmCPCallCcy,ISDA SIMM,simm,credit_risk,ISDA,CP,,,ccy,draft,
cmos_collateral_sample_three_components.json,_component_1_REG_IMC.agreementContainsTradeLevelIA,agreement,agrmt,credit_risk,FIBO,,,,,draft,
cmos_collateral_sample_three_components.json,_component_1_REG_IMC.exposureDetail._note,,,,,,,,,unmatched,review / add to glossary
cmos_collateral_sample_three_components.json,_component_1_REG_IMC.exposureDetail.tdIA,Independent Amount,ia,credit_risk,ISDA,TD,,,,draft,
cmos_collateral_sample_three_components.json,_component_1_REG_IMC.exposureDetail.cpIA,Independent Amount,ia,credit_risk,ISDA,CP,,,,draft,
cmos_collateral_sample_three_components.json,_component_1_REG_IMC.exposureDetail.cpIABase,Independent Amount,ia,credit_risk,ISDA,CP,,,,draft,
cmos_collateral_sample_three_components.json,_component_1_REG_IMC.exposureDetail.tdIABase,Independent Amount,ia,credit_risk,ISDA,TD,,,,draft,
cmos_collateral_sample_three_components.json,_component_1_REG_IMC.exposureDetail.totalExposureAmount,total exposure amount,total_exposure,credit_risk,convention,,,,,draft,
cmos_collateral_sample_three_components.json,_component_1_REG_IMC.exposureDetail.marginCallSummary[].actionType,call status,call_status,credit_risk,convention,,,,,draft,
cmos_collateral_sample_three_components.json,_component_1_REG_IMC.exposureDetail.marginCallSummary[].callStatus,call status,call_status,credit_risk,convention,,,,,draft,
cmos_collateral_sample_three_components.json,_component_1_REG_IMC.exposureDetail.marginCallSummary[].baseCallAmount,margin call,margin_call,credit_risk,ISDA,,,,,draft,
cmos_collateral_sample_three_components.json,_component_1_REG_IMC.imBreakdown.simmReportingCcy,ISDA SIMM,simm,credit_risk,ISDA,,,,ccy,draft,
cmos_collateral_sample_three_components.json,_component_1_REG_IMC.imBreakdown.equity,equity derivative,eqd,trades,ISDA,,,,,draft,
cmos_collateral_sample_three_components.json,_component_1_REG_IMC.tradeExposureList[].tradeId,trade identifier,trade_id,trades,FpML,,,,,draft,
cmos_collateral_sample_three_components.json,_component_1_REG_IMC.tradeExposureList[].sourceSystem,source system,source_system,shared,convention,,,,,draft,
cmos_collateral_sample_three_components.json,_component_1_REG_IMC.tradeExposureList[].productType,ISDA product taxonomy,isda_product_type,trades,ISDA,,,,,draft,
cmos_collateral_sample_three_components.json,_component_1_REG_IMC.tradeExposureList[].cusip,,,,,,,,,unmatched,review / add to glossary
cmos_collateral_sample_three_components.json,_component_1_REG_IMC.tradeExposureList[].pv,present value,pv,credit_risk,convention,,,,,draft,
cmos_collateral_sample_three_components.json,_component_1_REG_IMC.tradeExposureList[].pvCcy,present value,pv,credit_risk,convention,,,,ccy,draft,
cmos_collateral_sample_three_components.json,_component_1_REG_IMC.tradeExposureList[].applicableAgreements,agreement type,agreement_type,credit_risk,ISDA,,,,,draft,
cmos_collateral_sample_three_components.json,_component_1_REG_IMC.tradeExposureList[]._note,,,,,,,,,unmatched,review / add to glossary
cmos_collateral_sample_three_components.json,_component_1_REG_IMC.assetHolding[]._note,,,,,,,,,unmatched,review / add to glossary
cmos_collateral_sample_three_components.json,_component_1_REG_IMC.assetHolding[].position,position,pos,trades,convention,,,,,draft,
cmos_collateral_sample_three_components.json,_component_1_REG_IMC.assetHolding[].settlementStatus,settlement status,settlement_status,credit_risk,convention,,,,,draft,
cmos_collateral_sample_three_components.json,_component_1_REG_IMC.assetHolding[].instrumentId,trade identifier,trade_id,trades,FpML,,,,,draft,
cmos_collateral_sample_three_components.json,_component_1_REG_IMC.assetHolding[].instrumentIdType,ISDA product taxonomy,isda_product_type,trades,ISDA,,,,,draft,
cmos_collateral_sample_three_components.json,_component_1_REG_IMC.assetHolding[].assetClass,asset class,asset_class,credit_risk,convention,,,,,draft,
cmos_collateral_sample_three_components.json,_component_1_REG_IMC.assetHolding[].assetType,collateral holding,asset_holding,credit_risk,convention,,,,,draft,
cmos_collateral_sample_three_components.json,_component_1_REG_IMC.assetHolding[].assetCcy,collateral holding,asset_holding,credit_risk,convention,,,,ccy,draft,
cmos_collateral_sample_three_components.json,_component_1_REG_IMC.assetHolding[].haircut,collateral haircut,haircut,credit_risk,Basel,,,,,draft,
cmos_collateral_sample_three_components.json,_component_1_REG_IMC.assetHolding[].bookingType,,,,,,,,,unmatched,review / add to glossary
cmos_collateral_sample_three_components.json,_component_1_REG_IMC.assetHolding[].marginType,margin type,margin_type,credit_risk,ISDA,,,,,draft,
cmos_collateral_sample_three_components.json,_component_1_REG_IMC.assetHolding[].parAmount,par value,par_value,trades,FIBO,,,,,draft,
cmos_collateral_sample_three_components.json,_component_1_REG_IMC.assetHolding[].maturityDate,maturity,mat,trades,FIBO,,,,,draft,
cmos_collateral_sample_three_components.json,_component_1_REG_IMC.assetHolding[].bookingMarketValue,,,,,,,,,unmatched,review / add to glossary
cmos_collateral_sample_three_components.json,_component_1_REG_IMC.assetHolding[].reportedMarketValue,,,,,,,,,unmatched,review / add to glossary
cmos_collateral_sample_three_components.json,_component_1_REG_IMC.assetHolding[].reportedCollateralValue,collateral value,collateral_value,credit_risk,convention,,,,,draft,
cmos_collateral_sample_three_components.json,_component_1_REG_IMC.assetHolding[].baseAdjustedCollateralValue,,,,,,,,,unmatched,review / add to glossary
cmos_collateral_sample_three_components.json,_component_1_REG_IMC.assetHolding[].baseMarketValue,,,,,,,,,unmatched,review / add to glossary
cmos_collateral_sample_three_components.json,_component_1_REG_IMC.assetHolding[].rehypothecationRights,rehypothecation rights,rehypothecation,credit_risk,ISDA,,,,,draft,
cmos_collateral_sample_three_components.json,_component_1_REG_IMC.assetHolding[].imRehypothecationRights,rehypothecation rights,rehypothecation,credit_risk,ISDA,,,IM,,draft,
cmos_collateral_sample_three_components.json,_component_1_REG_IMC.assetHolding[].internalPolicyReuse,,,,,,,,,unmatched,review / add to glossary
cmos_collateral_sample_three_components.json,_component_1_REG_IMC.assetHolding[].reportingCcy,,,,,,,,ccy,unmatched,review / add to glossary
cmos_collateral_sample_three_components.json,_component_1_REG_IMC.assetMovementList[]._note,,,,,,,,,unmatched,review / add to glossary
cmos_collateral_sample_three_components.json,_component_1_REG_IMC.assetMovementList[].assetClass,asset class,asset_class,credit_risk,convention,,,,,draft,
cmos_collateral_sample_three_components.json,_component_1_REG_IMC.assetMovementList[].assetType,collateral holding,asset_holding,credit_risk,convention,,,,,draft,
cmos_collateral_sample_three_components.json,_component_1_REG_IMC.assetMovementList[].collateralStatus,collateral status,collateral_status,credit_risk,convention,,,,,draft,
cmos_collateral_sample_three_components.json,_component_1_REG_IMC.assetMovementList[].instrumentID,trade identifier,trade_id,trades,FpML,,,,,draft,
cmos_collateral_sample_three_components.json,_component_1_REG_IMC.assetMovementList[].instrumentType,ISDA product taxonomy,isda_product_type,trades,ISDA,,,,,draft,
cmos_collateral_sample_three_components.json,_component_1_REG_IMC.assetMovementList[].date,date,dt,shared,ISO,,,,,draft,
cmos_collateral_sample_three_components.json,_component_1_REG_IMC.assetMovementList[].movementType,collateral movement,asset_movement,credit_risk,convention,,,,,draft,
cmos_collateral_sample_three_components.json,_component_1_REG_IMC.assetMovementList[].reportingCcy,,,,,,,,ccy,unmatched,review / add to glossary
cmos_collateral_sample_three_components.json,_component_1_REG_IMC.assetMovementList[].repoCcy,repurchase agreement,repo,trades,ISDA,,,,ccy,draft,
cmos_collateral_sample_three_components.json,_component_1_REG_IMC.assetMovementList[].nominalAmount,notional,notional,trades,FpML,,,,,draft,
cmos_collateral_sample_three_components.json,_component_1_REG_IMC.assetMovementList[].settlementDate,settlement date,settlement_date,shared,convention,,,,,draft,
cmos_collateral_sample_three_components.json,_component_1_REG_IMC.assetMovementList[].paymentInstructionsBucket,time bucket,time_bucket,credit_risk,convention,,,,,draft,
cmos_collateral_sample_three_components.json,_component_1_REG_IMC.assetMovementList[].movement,collateral movement,asset_movement,credit_risk,convention,,,,,draft,
cmos_collateral_sample_three_components.json,_component_1_REG_IMC.disputeStatus[],collateral dispute,dispute,credit_risk,ISDA,,,,,draft,
cmos_collateral_sample_three_components.json,_component_2_REG_IMP._key_differences_from_IMC,,,,,,,,,unmatched,review / add to glossary
cmos_collateral_sample_three_components.json,_component_2_REG_IMP.schemaType,,,,,,,,,unmatched,review / add to glossary
cmos_collateral_sample_three_components.json,_component_2_REG_IMP.schemaVersion,,,,,,,,,unmatched,review / add to glossary
cmos_collateral_sample_three_components.json,_component_2_REG_IMP.versionTimestamp,,,,,,,,,unmatched,review / add to glossary
cmos_collateral_sample_three_components.json,_component_2_REG_IMP.version,,,,,,,,,unmatched,review / add to glossary
cmos_collateral_sample_three_components.json,_component_2_REG_IMP.collateralAgreementID,collateral agreement identifier,collateral_agreement_id,credit_risk,convention,,,,,draft,
cmos_collateral_sample_three_components.json,_component_2_REG_IMP.agreementID,collateral agreement identifier,collateral_agreement_id,credit_risk,convention,,,,,draft,
cmos_collateral_sample_three_components.json,_component_2_REG_IMP.agreementGroupCode,agreement group,agreement_group,credit_risk,ISDA,,,,,draft,
cmos_collateral_sample_three_components.json,_component_2_REG_IMP.agreementType,agreement type,agreement_type,credit_risk,ISDA,,,,,draft,
cmos_collateral_sample_three_components.json,_component_2_REG_IMP.agreementDescription,agreement,agrmt,credit_risk,FIBO,,,,,draft,
cmos_collateral_sample_three_components.json,_component_2_REG_IMP.td,,,,,TD,,,,unmatched,review / add to glossary
cmos_collateral_sample_three_components.json,_component_2_REG_IMP.tdLei,Legal Entity Identifier,lei,reference_data,ISO,TD,,,,draft,
cmos_collateral_sample_three_components.json,_component_2_REG_IMP.tdShortCode,entity code,entity_code,reference_data,convention,TD,,,,draft,
cmos_collateral_sample_three_components.json,_component_2_REG_IMP.cp,counterparty,cpty,reference_data,FIBO,CP,,,,draft,
cmos_collateral_sample_three_components.json,_component_2_REG_IMP.cpLei,Legal Entity Identifier,lei,reference_data,ISO,CP,,,,draft,
cmos_collateral_sample_three_components.json,_component_2_REG_IMP.cpShortCode,entity code,entity_code,reference_data,convention,CP,,,,draft,
cmos_collateral_sample_three_components.json,_component_2_REG_IMP.goldtierID,GoldTier identifier,goldtier_id,reference_data,convention,,,,,draft,
cmos_collateral_sample_three_components.json,_component_2_REG_IMP.internalFlag,indicator,ind,shared,convention,,,,,draft,
cmos_collateral_sample_three_components.json,_component_2_REG_IMP.cpRating,rating,rtg,reference_data,FIBO,CP,,,,draft,
cmos_collateral_sample_three_components.json,_component_2_REG_IMP.tdRating,rating,rtg,reference_data,FIBO,TD,,,,draft,
cmos_collateral_sample_three_components.json,_component_2_REG_IMP.agreementCategory,agreement category,agreement_category,credit_risk,convention,,,,,draft,
cmos_collateral_sample_three_components.json,_component_2_REG_IMP.agreementGroup,agreement group,agreement_group,credit_risk,ISDA,,,,,draft,
cmos_collateral_sample_three_components.json,_component_2_REG_IMP.csaCcy,CSA / collateral currency,csa_currency,credit_risk,ISDA,,,,ccy,draft,
cmos_collateral_sample_three_components.json,_component_2_REG_IMP.imMcFrequency,margin call frequency,margin_call_frequency,credit_risk,ISDA,,,IM,,draft,
cmos_collateral_sample_three_components.json,_component_2_REG_IMP.mcFrequency,margin call frequency,margin_call_frequency,credit_risk,ISDA,,,,,draft,
cmos_collateral_sample_three_components.json,_component_2_REG_IMP.reciprocity,reciprocity,reciprocity,credit_risk,ISDA,,,,,draft,
cmos_collateral_sample_three_components.json,_component_2_REG_IMP.linkageSet,linkage set,linkage_set,credit_risk,convention,,,,,draft,
cmos_collateral_sample_three_components.json,_component_2_REG_IMP.cpMTA,Minimum Transfer Amount,mta,credit_risk,ISDA,CP,,,,draft,
cmos_collateral_sample_three_components.json,_component_2_REG_IMP.cpMTACcy,Minimum Transfer Amount,mta,credit_risk,ISDA,CP,,,ccy,draft,
cmos_collateral_sample_three_components.json,_component_2_REG_IMP.cpIMMTA,Minimum Transfer Amount,mta,credit_risk,ISDA,CP,,IM,,draft,
cmos_collateral_sample_three_components.json,_component_2_REG_IMP.cpIMMTACcy,Minimum Transfer Amount,mta,credit_risk,ISDA,CP,,IM,ccy,draft,
cmos_collateral_sample_three_components.json,_component_2_REG_IMP.cpThreshold,threshold,thr,credit_risk,ISDA,CP,,,,draft,
cmos_collateral_sample_three_components.json,_component_2_REG_IMP.cpIMThreshold,threshold,thr,credit_risk,ISDA,CP,,IM,,draft,
cmos_collateral_sample_three_components.json,_component_2_REG_IMP.cpIMThresholdCcy,threshold,thr,credit_risk,ISDA,CP,,IM,ccy,draft,
cmos_collateral_sample_three_components.json,_component_2_REG_IMP.cpFixedRoundingValues,rounding amount,rounding,credit_risk,ISDA,CP,,,,draft,
cmos_collateral_sample_three_components.json,_component_2_REG_IMP.cpIMFixedRoundingValues,rounding amount,rounding,credit_risk,ISDA,CP,,IM,,draft,
cmos_collateral_sample_three_components.json,_component_2_REG_IMP.tdMTA,Minimum Transfer Amount,mta,credit_risk,ISDA,TD,,,,draft,
cmos_collateral_sample_three_components.json,_component_2_REG_IMP.tdMTACcy,Minimum Transfer Amount,mta,credit_risk,ISDA,TD,,,ccy,draft,
cmos_collateral_sample_three_components.json,_component_2_REG_IMP.tdIMMTA,Minimum Transfer Amount,mta,credit_risk,ISDA,TD,,IM,,draft,
cmos_collateral_sample_three_components.json,_component_2_REG_IMP.tdIMMTACcy,Minimum Transfer Amount,mta,credit_risk,ISDA,TD,,IM,ccy,draft,
cmos_collateral_sample_three_components.json,_component_2_REG_IMP.tdThreshold,threshold,thr,credit_risk,ISDA,TD,,,,draft,
cmos_collateral_sample_three_components.json,_component_2_REG_IMP.tdIMThreshold,threshold,thr,credit_risk,ISDA,TD,,IM,,draft,
cmos_collateral_sample_three_components.json,_component_2_REG_IMP.tdIMThresholdCcy,threshold,thr,credit_risk,ISDA,TD,,IM,ccy,draft,
cmos_collateral_sample_three_components.json,_component_2_REG_IMP.tdFixedRoundingValues,rounding amount,rounding,credit_risk,ISDA,TD,,,,draft,
cmos_collateral_sample_three_components.json,_component_2_REG_IMP.legacyExcessCollateral,breach excess amount,excess_amount,credit_risk,convention,,,,,draft,
cmos_collateral_sample_three_components.json,_component_2_REG_IMP.tdIMFixedRoundingValues,rounding amount,rounding,credit_risk,ISDA,TD,,IM,,draft,
cmos_collateral_sample_three_components.json,_component_2_REG_IMP.segregation,collateral segregation,segregation,credit_risk,Basel,,,,,draft,
cmos_collateral_sample_three_components.json,_component_2_REG_IMP.tdSegregationType,collateral segregation,segregation,credit_risk,Basel,TD,,,,draft,
cmos_collateral_sample_three_components.json,_component_2_REG_IMP.cpSegregationType,collateral segregation,segregation,credit_risk,Basel,CP,,,,draft,
cmos_collateral_sample_three_components.json,_component_2_REG_IMP.tdIMSegregationType,collateral segregation,segregation,credit_risk,Basel,TD,,IM,,draft,
cmos_collateral_sample_three_components.json,_component_2_REG_IMP.cpIMSegregationType,collateral segregation,segregation,credit_risk,Basel,CP,,IM,,draft,
cmos_collateral_sample_three_components.json,_component_2_REG_IMP.simmTDCallCcy,ISDA SIMM,simm,credit_risk,ISDA,TD,,,ccy,draft,
cmos_collateral_sample_three_components.json,_component_2_REG_IMP.simmCPCallCcy,ISDA SIMM,simm,credit_risk,ISDA,CP,,,ccy,draft,
cmos_collateral_sample_three_components.json,_component_2_REG_IMP.agreementContainsTradeLevelIA,agreement,agrmt,credit_risk,FIBO,,,,,draft,
cmos_collateral_sample_three_components.json,_component_2_REG_IMP.exposureDetail._note,,,,,,,,,unmatched,review / add to glossary
cmos_collateral_sample_three_components.json,_component_2_REG_IMP.exposureDetail.tdIA,Independent Amount,ia,credit_risk,ISDA,TD,,,,draft,
cmos_collateral_sample_three_components.json,_component_2_REG_IMP.exposureDetail.cpIA,Independent Amount,ia,credit_risk,ISDA,CP,,,,draft,
cmos_collateral_sample_three_components.json,_component_2_REG_IMP.exposureDetail.tdIABase,Independent Amount,ia,credit_risk,ISDA,TD,,,,draft,
cmos_collateral_sample_three_components.json,_component_2_REG_IMP.exposureDetail.cpIABase,Independent Amount,ia,credit_risk,ISDA,CP,,,,draft,
cmos_collateral_sample_three_components.json,_component_2_REG_IMP.exposureDetail.totalExposureAmount,total exposure amount,total_exposure,credit_risk,convention,,,,,draft,
cmos_collateral_sample_three_components.json,_component_2_REG_IMP.exposureDetail.marginCallSummary[].actionType,call status,call_status,credit_risk,convention,,,,,draft,
cmos_collateral_sample_three_components.json,_component_2_REG_IMP.imBreakdown.simmReportingCcy,ISDA SIMM,simm,credit_risk,ISDA,,,,ccy,draft,
cmos_collateral_sample_three_components.json,_component_2_REG_IMP.imBreakdown.equity,equity derivative,eqd,trades,ISDA,,,,,draft,
cmos_collateral_sample_three_components.json,_component_2_REG_IMP.tradeExposureList[]._note,,,,,,,,,unmatched,review / add to glossary
cmos_collateral_sample_three_components.json,_component_2_REG_IMP.assetHolding[]._note,,,,,,,,,unmatched,review / add to glossary
cmos_collateral_sample_three_components.json,_component_2_REG_IMP.assetHolding[].position,position,pos,trades,convention,,,,,draft,
cmos_collateral_sample_three_components.json,_component_2_REG_IMP.assetHolding[].settlementStatus,settlement status,settlement_status,credit_risk,convention,,,,,draft,
cmos_collateral_sample_three_components.json,_component_2_REG_IMP.assetHolding[].assetClass,asset class,asset_class,credit_risk,convention,,,,,draft,
cmos_collateral_sample_three_components.json,_component_2_REG_IMP.assetHolding[].assetType,collateral holding,asset_holding,credit_risk,convention,,,,,draft,
cmos_collateral_sample_three_components.json,_component_2_REG_IMP.assetHolding[].instrumentID,trade identifier,trade_id,trades,FpML,,,,,draft,
cmos_collateral_sample_three_components.json,_component_2_REG_IMP.assetHolding[].instrumentIdType,ISDA product taxonomy,isda_product_type,trades,ISDA,,,,,draft,
cmos_collateral_sample_three_components.json,_component_2_REG_IMP.assetHolding[]._note_2,,,,,,,,,unmatched,review / add to glossary
cmos_collateral_sample_three_components.json,_component_2_REG_IMP.assetMovementList[]._note,,,,,,,,,unmatched,review / add to glossary
cmos_collateral_sample_three_components.json,_component_2_REG_IMP.assetMovementList[].assetClass,asset class,asset_class,credit_risk,convention,,,,,draft,
cmos_collateral_sample_three_components.json,_component_2_REG_IMP.assetMovementList[].assetType,collateral holding,asset_holding,credit_risk,convention,,,,,draft,
cmos_collateral_sample_three_components.json,_component_2_REG_IMP.assetMovementList[].collateralStatus,collateral status,collateral_status,credit_risk,convention,,,,,draft,
cmos_collateral_sample_three_components.json,_component_2_REG_IMP.assetMovementList[].instrumentID,trade identifier,trade_id,trades,FpML,,,,,draft,
cmos_collateral_sample_three_components.json,_component_2_REG_IMP.assetMovementList[].date,date,dt,shared,ISO,,,,,draft,
cmos_collateral_sample_three_components.json,_component_2_REG_IMP.assetMovementList[].movementType,collateral movement,asset_movement,credit_risk,convention,,,,,draft,
cmos_collateral_sample_three_components.json,_component_2_REG_IMP.assetMovementList[].reportingCcy,,,,,,,,ccy,unmatched,review / add to glossary
cmos_collateral_sample_three_components.json,_component_2_REG_IMP.assetMovementList[].repoCcy,repurchase agreement,repo,trades,ISDA,,,,ccy,draft,
cmos_collateral_sample_three_components.json,_component_2_REG_IMP.assetMovementList[].nominalAmount,notional,notional,trades,FpML,,,,,draft,
cmos_collateral_sample_three_components.json,_component_2_REG_IMP.assetMovementList[].paymentInstructionsBucket,time bucket,time_bucket,credit_risk,convention,,,,,draft,
cmos_collateral_sample_three_components.json,_component_2_REG_IMP.assetMovementList[].movement,collateral movement,asset_movement,credit_risk,convention,,,,,draft,
cmos_collateral_sample_three_components.json,_component_2_REG_IMP.disputeStatus[],collateral dispute,dispute,credit_risk,ISDA,,,,,draft,
cmos_collateral_sample_three_components.json,_component_3_REG_VM._key_differences_from_IM_components,,,,,,,IM,,unmatched,review / add to glossary
cmos_collateral_sample_three_components.json,_component_3_REG_VM.schemaType,,,,,,,,,unmatched,review / add to glossary
cmos_collateral_sample_three_components.json,_component_3_REG_VM.schemaVersion,,,,,,,,,unmatched,review / add to glossary
cmos_collateral_sample_three_components.json,_component_3_REG_VM.versionTimestamp,,,,,,,,,unmatched,review / add to glossary
cmos_collateral_sample_three_components.json,_component_3_REG_VM.version,,,,,,,,,unmatched,review / add to glossary
cmos_collateral_sample_three_components.json,_component_3_REG_VM.collateralAgreementID,collateral agreement identifier,collateral_agreement_id,credit_risk,convention,,,,,draft,
cmos_collateral_sample_three_components.json,_component_3_REG_VM.agreementID,collateral agreement identifier,collateral_agreement_id,credit_risk,convention,,,,,draft,
cmos_collateral_sample_three_components.json,_component_3_REG_VM.agreementGroupCode,agreement group,agreement_group,credit_risk,ISDA,,,,,draft,
cmos_collateral_sample_three_components.json,_component_3_REG_VM.agreementType,agreement type,agreement_type,credit_risk,ISDA,,,,,draft,
cmos_collateral_sample_three_components.json,_component_3_REG_VM.agreementDescription,agreement,agrmt,credit_risk,FIBO,,,,,draft,
cmos_collateral_sample_three_components.json,_component_3_REG_VM.td,,,,,TD,,,,unmatched,review / add to glossary
cmos_collateral_sample_three_components.json,_component_3_REG_VM.tdLei,Legal Entity Identifier,lei,reference_data,ISO,TD,,,,draft,
cmos_collateral_sample_three_components.json,_component_3_REG_VM.tdShortCode,entity code,entity_code,reference_data,convention,TD,,,,draft,
cmos_collateral_sample_three_components.json,_component_3_REG_VM.cp,counterparty,cpty,reference_data,FIBO,CP,,,,draft,
cmos_collateral_sample_three_components.json,_component_3_REG_VM.cpLei,Legal Entity Identifier,lei,reference_data,ISO,CP,,,,draft,
cmos_collateral_sample_three_components.json,_component_3_REG_VM.cpShortCode,entity code,entity_code,reference_data,convention,CP,,,,draft,
cmos_collateral_sample_three_components.json,_component_3_REG_VM.goldtierID,GoldTier identifier,goldtier_id,reference_data,convention,,,,,draft,
cmos_collateral_sample_three_components.json,_component_3_REG_VM.internalFlag,indicator,ind,shared,convention,,,,,draft,
cmos_collateral_sample_three_components.json,_component_3_REG_VM.cpRating,rating,rtg,reference_data,FIBO,CP,,,,draft,
cmos_collateral_sample_three_components.json,_component_3_REG_VM.tdRating,rating,rtg,reference_data,FIBO,TD,,,,draft,
cmos_collateral_sample_three_components.json,_component_3_REG_VM.agreementCategory,agreement category,agreement_category,credit_risk,convention,,,,,draft,
cmos_collateral_sample_three_components.json,_component_3_REG_VM.agreementGroup,agreement group,agreement_group,credit_risk,ISDA,,,,,draft,
cmos_collateral_sample_three_components.json,_component_3_REG_VM.csaCcy,CSA / collateral currency,csa_currency,credit_risk,ISDA,,,,ccy,draft,
cmos_collateral_sample_three_components.json,_component_3_REG_VM.imMcFrequency,margin call frequency,margin_call_frequency,credit_risk,ISDA,,,IM,,draft,
cmos_collateral_sample_three_components.json,_component_3_REG_VM.mcFrequency,margin call frequency,margin_call_frequency,credit_risk,ISDA,,,,,draft,
cmos_collateral_sample_three_components.json,_component_3_REG_VM.reciprocity,reciprocity,reciprocity,credit_risk,ISDA,,,,,draft,
cmos_collateral_sample_three_components.json,_component_3_REG_VM.linkageSet,linkage set,linkage_set,credit_risk,convention,,,,,draft,
cmos_collateral_sample_three_components.json,_component_3_REG_VM.cpMTA,Minimum Transfer Amount,mta,credit_risk,ISDA,CP,,,,draft,
cmos_collateral_sample_three_components.json,_component_3_REG_VM.cpMTACcy,Minimum Transfer Amount,mta,credit_risk,ISDA,CP,,,ccy,draft,
cmos_collateral_sample_three_components.json,_component_3_REG_VM.cpIMMTA,Minimum Transfer Amount,mta,credit_risk,ISDA,CP,,IM,,draft,
cmos_collateral_sample_three_components.json,_component_3_REG_VM.cpThreshold,threshold,thr,credit_risk,ISDA,CP,,,,draft,
cmos_collateral_sample_three_components.json,_component_3_REG_VM.cpIMThreshold,threshold,thr,credit_risk,ISDA,CP,,IM,,draft,
cmos_collateral_sample_three_components.json,_component_3_REG_VM.cpThresholdCcy,threshold,thr,credit_risk,ISDA,CP,,,ccy,draft,
cmos_collateral_sample_three_components.json,_component_3_REG_VM.cpFixedRoundingValues,rounding amount,rounding,credit_risk,ISDA,CP,,,,draft,
cmos_collateral_sample_three_components.json,_component_3_REG_VM.cpIMFixedRoundingValues,rounding amount,rounding,credit_risk,ISDA,CP,,IM,,draft,
cmos_collateral_sample_three_components.json,_component_3_REG_VM.tdMTA,Minimum Transfer Amount,mta,credit_risk,ISDA,TD,,,,draft,
cmos_collateral_sample_three_components.json,_component_3_REG_VM.tdMTACcy,Minimum Transfer Amount,mta,credit_risk,ISDA,TD,,,ccy,draft,
cmos_collateral_sample_three_components.json,_component_3_REG_VM.tdIMMTA,Minimum Transfer Amount,mta,credit_risk,ISDA,TD,,IM,,draft,
cmos_collateral_sample_three_components.json,_component_3_REG_VM.tdThreshold,threshold,thr,credit_risk,ISDA,TD,,,,draft,
cmos_collateral_sample_three_components.json,_component_3_REG_VM.tdIMThreshold,threshold,thr,credit_risk,ISDA,TD,,IM,,draft,
cmos_collateral_sample_three_components.json,_component_3_REG_VM.tdThresholdCcy,threshold,thr,credit_risk,ISDA,TD,,,ccy,draft,
cmos_collateral_sample_three_components.json,_component_3_REG_VM.tdFixedRoundingValues,rounding amount,rounding,credit_risk,ISDA,TD,,,,draft,
cmos_collateral_sample_three_components.json,_component_3_REG_VM.legacyExcessCollateral,breach excess amount,excess_amount,credit_risk,convention,,,,,draft,
cmos_collateral_sample_three_components.json,_component_3_REG_VM.tdIMFixedRoundingValues,rounding amount,rounding,credit_risk,ISDA,TD,,IM,,draft,
cmos_collateral_sample_three_components.json,_component_3_REG_VM.segregation,collateral segregation,segregation,credit_risk,Basel,,,,,draft,
cmos_collateral_sample_three_components.json,_component_3_REG_VM.tdSegregationType,collateral segregation,segregation,credit_risk,Basel,TD,,,,draft,
cmos_collateral_sample_three_components.json,_component_3_REG_VM.cpSegregationType,collateral segregation,segregation,credit_risk,Basel,CP,,,,draft,
cmos_collateral_sample_three_components.json,_component_3_REG_VM.tdIMSegregationType,collateral segregation,segregation,credit_risk,Basel,TD,,IM,,draft,
cmos_collateral_sample_three_components.json,_component_3_REG_VM.cpIMSegregationType,collateral segregation,segregation,credit_risk,Basel,CP,,IM,,draft,
cmos_collateral_sample_three_components.json,_component_3_REG_VM.simmTDCalCcy,ISDA SIMM,simm,credit_risk,ISDA,TD,,,ccy,draft,
cmos_collateral_sample_three_components.json,_component_3_REG_VM.simmCPCalCcy,ISDA SIMM,simm,credit_risk,ISDA,CP,,,ccy,draft,
cmos_collateral_sample_three_components.json,_component_3_REG_VM.agreementContainsTradeLevelIA,agreement,agrmt,credit_risk,FIBO,,,,,draft,
cmos_collateral_sample_three_components.json,_component_3_REG_VM.exposureDetail._note,,,,,,,,,unmatched,review / add to glossary
cmos_collateral_sample_three_components.json,_component_3_REG_VM.exposureDetail.marginCallSummary[].actionType,call status,call_status,credit_risk,convention,,,,,draft,
cmos_collateral_sample_three_components.json,_component_3_REG_VM.exposureDetail.marginCallSummary[].userAgreedAmount,,,,,,,,,unmatched,review / add to glossary
cmos_collateral_sample_three_components.json,_component_3_REG_VM.exposureDetail.marginCallSummary[].baseCallAmount,margin call,margin_call,credit_risk,ISDA,,,,,draft,
cmos_collateral_sample_three_components.json,_component_3_REG_VM.exposureDetail.marginCallSummary[].callStatus,call status,call_status,credit_risk,convention,,,,,draft,
cmos_collateral_sample_three_components.json,_component_3_REG_VM.exposureDetail.marginCallSummary[].reportingCallAmount,margin call,margin_call,credit_risk,ISDA,,,,,draft,
cmos_collateral_sample_three_components.json,_component_3_REG_VM.exposureDetail.marginCallSummary[].marginType,margin type,margin_type,credit_risk,ISDA,,,,,draft,
cmos_collateral_sample_three_components.json,_component_3_REG_VM.tradeExposureList[].tradeId,trade identifier,trade_id,trades,FpML,,,,,draft,
cmos_collateral_sample_three_components.json,_component_3_REG_VM.tradeExposureList[]._note,,,,,,,,,unmatched,review / add to glossary
cmos_collateral_sample_three_components.json,_component_3_REG_VM.assetHolding[]._note,,,,,,,,,unmatched,review / add to glossary
cmos_collateral_sample_three_components.json,_component_3_REG_VM.assetHolding[].assetClass,asset class,asset_class,credit_risk,convention,,,,,draft,
cmos_collateral_sample_three_components.json,_component_3_REG_VM.assetHolding[].assetType,collateral holding,asset_holding,credit_risk,convention,,,,,draft,
cmos_collateral_sample_three_components.json,_component_3_REG_VM.assetMovementList[]._note,,,,,,,,,unmatched,review / add to glossary
cmos_collateral_sample_three_components.json,_component_3_REG_VM.assetMovementList[].assetClass,asset class,asset_class,credit_risk,convention,,,,,draft,
cmos_collateral_sample_three_components.json,_component_3_REG_VM.assetMovementList[].assetType,collateral holding,asset_holding,credit_risk,convention,,,,,draft,
cmos_collateral_sample_three_components.json,_component_3_REG_VM.assetMovementList[].collateralStatus,collateral status,collateral_status,credit_risk,convention,,,,,draft,
cmos_collateral_sample_three_components.json,_component_3_REG_VM.assetMovementList[].instrumentID,trade identifier,trade_id,trades,FpML,,,,,draft,
cmos_collateral_sample_three_components.json,_component_3_REG_VM.assetMovementList[].marketValue,,,,,,,,,unmatched,review / add to glossary
cmos_collateral_sample_three_components.json,_component_3_REG_VM.assetMovementList[].collateralValue,collateral value,collateral_value,credit_risk,convention,,,,,draft,
cmos_collateral_sample_three_components.json,_component_3_REG_VM.assetMovementList[].date,date,dt,shared,ISO,,,,,draft,
cmos_collateral_sample_three_components.json,_component_3_REG_VM.assetMovementList[].movementType,collateral movement,asset_movement,credit_risk,convention,,,,,draft,
cmos_collateral_sample_three_components.json,_component_3_REG_VM.assetMovementList[].reportingCcy,,,,,,,,ccy,unmatched,review / add to glossary
cmos_collateral_sample_three_components.json,_component_3_REG_VM.assetMovementList[].repoCcy,repurchase agreement,repo,trades,ISDA,,,,ccy,draft,
cmos_collateral_sample_three_components.json,_component_3_REG_VM.assetMovementList[].nominalAmount,notional,notional,trades,FpML,,,,,draft,
cmos_collateral_sample_three_components.json,_component_3_REG_VM.assetMovementList[].settlementDate,settlement date,settlement_date,shared,convention,,,,,draft,
cmos_collateral_sample_three_components.json,_component_3_REG_VM.assetMovementList[].paymentInstructionsBucket,time bucket,time_bucket,credit_risk,convention,,,,,draft,
cmos_collateral_sample_three_components.json,_component_3_REG_VM.assetMovementList[].movement,collateral movement,asset_movement,credit_risk,convention,,,,,draft,
cmos_collateral_sample_three_components.json,_component_3_REG_VM.disputeStatus[],collateral dispute,dispute,credit_risk,ISDA,,,,,draft,
tas_trade_agreement_sample.json,trag.messageType,,,,,,,,,unmatched,review / add to glossary
tas_trade_agreement_sample.json,trag.sourceSystem,source system,source_system,shared,convention,,,,,draft,
tas_trade_agreement_sample.json,trag.systemTradeId,trade identifier,trade_id,trades,FpML,,,,,draft,
tas_trade_agreement_sample.json,trag.uniqueTradeId,Unique Trade Identifier,uti,trades,ISO,,,,,draft,
tas_trade_agreement_sample.json,trag.additionalTradeId1,trade,trd,trades,FpML,,,,,draft,
tas_trade_agreement_sample.json,trag.version,,,,,,,,,unmatched,review / add to glossary
tas_trade_agreement_sample.json,trag.tradeEvent,collateral event,event,credit_risk,convention,,,,,draft,
tas_trade_agreement_sample.json,trag.tradeStatus,trade,trd,trades,FpML,,,,,draft,
tas_trade_agreement_sample.json,trag.tdEntity,,,,,TD,,,,unmatched,review / add to glossary
tas_trade_agreement_sample.json,trag.cpShortCode,entity code,entity_code,reference_data,convention,CP,,,,draft,
tas_trade_agreement_sample.json,trag.isdaProductType,ISDA product taxonomy,isda_product_type,trades,ISDA,,,,,draft,
tas_trade_agreement_sample.json,trag.systemProductType,ISDA product taxonomy,isda_product_type,trades,ISDA,,,,,draft,
tas_trade_agreement_sample.json,trag.material,,,,,,,,,unmatched,review / add to glossary
tas_trade_agreement_sample.json,trag.effectiveDate,date,dt,shared,ISO,,,,,draft,
tas_trade_agreement_sample.json,trag.maturityDate,maturity,mat,trades,FIBO,,,,,draft,
tas_trade_agreement_sample.json,trag.agreementGroupCode,agreement group,agreement_group,credit_risk,ISDA,,,,,draft,
tas_trade_agreement_sample.json,trag.agreements[].agreementId,collateral agreement identifier,collateral_agreement_id,credit_risk,convention,,,,,draft,
tas_trade_agreement_sample.json,trag.agreements[].agreementType,agreement type,agreement_type,credit_risk,ISDA,,,,,draft,
tas_trade_agreement_sample.json,trag.versionTs,timestamp,ts,shared,ISO,,,,,draft,
tas_trade_agreement_sample.json,trag.documentCreationTs,timestamp,ts,shared,ISO,,,,,draft,
tas_trade_agreement_sample.json,trag.eventSubType,collateral event,event,credit_risk,convention,,,,,draft,
tas_trade_agreement_sample.json,discard.reasons[],,,,,,,,,unmatched,review / add to glossary
tas_trade_agreement_sample.json,productTypes[],,,,,,,,,unmatched,review / add to glossary
tas_trade_agreement_sample.json,isdaProduct,ISDA product taxonomy,isda_product_type,trades,ISDA,,,,,draft,
tas_trade_agreement_sample.json,mbsTrade,trade,trd,trades,FpML,,,,,draft,
tas_trade_agreement_sample.json,exception,,,,,,,,,unmatched,review / add to glossary
tas_trade_agreement_sample.json,override,,,,,,,,,unmatched,review / add to glossary
tas_trade_agreement_sample.json,unmapRequest,,,,,,,,,unmatched,review / add to glossary
rds_tam_reference_view_sample.json,agreementCollateralKey.id,identifier,id,shared,convention,,,,,draft,
rds_tam_reference_view_sample.json,agreementCollateralKey.source,source,source,shared,convention,,,,,draft,
rds_tam_reference_view_sample.json,agreementCollateralKey.key,,,,,,,,,unmatched,review / add to glossary
rds_tam_reference_view_sample.json,collaterals[].currency,,,,,,,,ccy,unmatched,review / add to glossary
rds_tam_reference_view_sample.json,collaterals[].type,,,,,,,,,unmatched,review / add to glossary
rds_tam_reference_view_sample.json,collaterals[].collateralBalanceDate,valuation date,valuation_date,shared,convention,,,,,draft,
rds_tam_reference_view_sample.json,collaterals[].collateralNPV,collateral value,collateral_value,credit_risk,convention,,,,,draft,
rds_tam_reference_view_sample.json,collaterals[].collateralNPVCurrency,collateral value,collateral_value,credit_risk,convention,,,,ccy,draft,
rds_tam_reference_view_sample.json,collaterals[].entityPostingCollateral,,,,,,,,,unmatched,review / add to glossary
rds_tam_reference_view_sample.json,agreement.collateralCurrency,CSA / collateral currency,csa_currency,credit_risk,ISDA,,,,ccy,draft,
rds_tam_reference_view_sample.json,agreement.agreementGroup,agreement group,agreement_group,credit_risk,ISDA,,,,,draft,
rds_tam_reference_view_sample.json,agreement.reciprocity,reciprocity,reciprocity,credit_risk,ISDA,,,,,draft,
rds_tam_reference_view_sample.json,agreement.mcFrequency,margin call frequency,margin_call_frequency,credit_risk,ISDA,,,,,draft,
rds_tam_reference_view_sample.json,agreement.cpMTA,Minimum Transfer Amount,mta,credit_risk,ISDA,CP,,,,draft,
rds_tam_reference_view_sample.json,agreement.cpMTACcy,Minimum Transfer Amount,mta,credit_risk,ISDA,CP,,,ccy,draft,
rds_tam_reference_view_sample.json,agreement.cpIMMTA,Minimum Transfer Amount,mta,credit_risk,ISDA,CP,,IM,,draft,
rds_tam_reference_view_sample.json,agreement.cpThreshold,threshold,thr,credit_risk,ISDA,CP,,,,draft,
rds_tam_reference_view_sample.json,agreement.cpThresholdCcy,threshold,thr,credit_risk,ISDA,CP,,,ccy,draft,
rds_tam_reference_view_sample.json,agreement.cpFixedRoundingValues,rounding amount,rounding,credit_risk,ISDA,CP,,,,draft,
rds_tam_reference_view_sample.json,agreement.tdMTA,Minimum Transfer Amount,mta,credit_risk,ISDA,TD,,,,draft,
rds_tam_reference_view_sample.json,agreement.tdMTACcy,Minimum Transfer Amount,mta,credit_risk,ISDA,TD,,,ccy,draft,
rds_tam_reference_view_sample.json,agreement.tdIMMTA,Minimum Transfer Amount,mta,credit_risk,ISDA,TD,,IM,,draft,
rds_tam_reference_view_sample.json,agreement.tdThreshold,threshold,thr,credit_risk,ISDA,TD,,,,draft,
rds_tam_reference_view_sample.json,agreement.tdThresholdCcy,threshold,thr,credit_risk,ISDA,TD,,,ccy,draft,
rds_tam_reference_view_sample.json,agreement.tdFixedRoundingValues,rounding amount,rounding,credit_risk,ISDA,TD,,,,draft,
rds_tam_reference_view_sample.json,agreement.tdIMFixedRoundingValues,rounding amount,rounding,credit_risk,ISDA,TD,,IM,,draft,
rds_tam_reference_view_sample.json,agreement.cpIMFixedRoundingValues,rounding amount,rounding,credit_risk,ISDA,CP,,IM,,draft,
rds_tam_reference_view_sample.json,agreement.tdIMMTACcy,Minimum Transfer Amount,mta,credit_risk,ISDA,TD,,IM,ccy,draft,
rds_tam_reference_view_sample.json,agreement.imMcFrequency,margin call frequency,margin_call_frequency,credit_risk,ISDA,,,IM,,draft,
rds_tam_reference_view_sample.json,agreement.cpIMMTACcy,Minimum Transfer Amount,mta,credit_risk,ISDA,CP,,IM,ccy,draft,
rds_tam_reference_view_sample.json,agreement.cpIMSegregationType,collateral segregation,segregation,credit_risk,Basel,CP,,IM,,draft,
rds_tam_reference_view_sample.json,agreement.cpIMThreshold,threshold,thr,credit_risk,ISDA,CP,,IM,,draft,
rds_tam_reference_view_sample.json,agreement.cpIMThresholdCcy,threshold,thr,credit_risk,ISDA,CP,,IM,ccy,draft,
rds_tam_reference_view_sample.json,agreement.cpSegregationType,collateral segregation,segregation,credit_risk,Basel,CP,,,,draft,
rds_tam_reference_view_sample.json,agreement.csaCcy,CSA / collateral currency,csa_currency,credit_risk,ISDA,,,,ccy,draft,
rds_tam_reference_view_sample.json,agreement.segregation,collateral segregation,segregation,credit_risk,Basel,,,,,draft,
rds_tam_reference_view_sample.json,agreement.tdIMSegregationType,collateral segregation,segregation,credit_risk,Basel,TD,,IM,,draft,
rds_tam_reference_view_sample.json,agreement.tdIMThreshold,threshold,thr,credit_risk,ISDA,TD,,IM,,draft,
rds_tam_reference_view_sample.json,agreement.tdIMThresholdCcy,threshold,thr,credit_risk,ISDA,TD,,IM,ccy,draft,
rds_tam_reference_view_sample.json,agreement.tdSegregationType,collateral segregation,segregation,credit_risk,Basel,TD,,,,draft,
rds_tam_reference_view_sample.json,exposureDetail.tdThreshold,threshold,thr,credit_risk,ISDA,TD,,,,draft,
rds_tam_reference_view_sample.json,exposureDetail.tdMTA,Minimum Transfer Amount,mta,credit_risk,ISDA,TD,,,,draft,
rds_tam_reference_view_sample.json,exposureDetail.tdIA,Independent Amount,ia,credit_risk,ISDA,TD,,,,draft,
rds_tam_reference_view_sample.json,exposureDetail.cpThreshold,threshold,thr,credit_risk,ISDA,CP,,,,draft,
rds_tam_reference_view_sample.json,exposureDetail.cpIA,Independent Amount,ia,credit_risk,ISDA,CP,,,,draft,
rds_tam_reference_view_sample.json,exposureDetail.cpMTA,Minimum Transfer Amount,mta,credit_risk,ISDA,CP,,,,draft,
rds_tam_reference_view_sample.json,exposureDetail.cpFixedRoundingValues,rounding amount,rounding,credit_risk,ISDA,CP,,,,draft,
rds_tam_reference_view_sample.json,exposureDetail.cpIABase,Independent Amount,ia,credit_risk,ISDA,CP,,,,draft,
rds_tam_reference_view_sample.json,exposureDetail.tdFixedRoundingValues,rounding amount,rounding,credit_risk,ISDA,TD,,,,draft,
rds_tam_reference_view_sample.json,exposureDetail.tdIABase,Independent Amount,ia,credit_risk,ISDA,TD,,,,draft,
rds_tam_reference_view_sample.json,exposureDetail.itmExposure,in-the-money exposure,itm_exposure,credit_risk,convention,,,,,draft,
rds_tam_reference_view_sample.json,exposureDetail.otmExposure,out-of-the-money exposure,otm_exposure,credit_risk,convention,,,,,draft,
rds_tam_reference_view_sample.json,exposureDetail.totalExposureAmount,total exposure amount,total_exposure,credit_risk,convention,,,,,draft,
rds_tam_reference_view_sample.json,exposureDetail.baseTdIA,Independent Amount,ia,credit_risk,ISDA,TD,,,,draft,
rds_tam_reference_view_sample.json,exposureDetail.baseCpIA,Independent Amount,ia,credit_risk,ISDA,CP,,,,draft,
rds_tam_reference_view_sample.json,exposureDetail.marginCallSummary[].bookedAmountSecondLeg,booked amount,booked_amount,credit_risk,convention,,,,,draft,
rds_tam_reference_view_sample.json,exposureDetail.marginCallSummary[].actionType,call status,call_status,credit_risk,convention,,,,,draft,
rds_tam_reference_view_sample.json,exposureDetail.marginCallSummary[].marginType,margin type,margin_type,credit_risk,ISDA,,,,,draft,
rds_tam_reference_view_sample.json,exposureDetail.marginCallSummary[].userAgreedAmount,,,,,,,,,unmatched,review / add to glossary
rds_tam_reference_view_sample.json,exposureDetail.marginCallSummary[].callStatus,call status,call_status,credit_risk,convention,,,,,draft,
rds_tam_reference_view_sample.json,exposureDetail.marginCallSummary[].cpAmount,,,,,CP,,,,unmatched,review / add to glossary
rds_tam_reference_view_sample.json,exposureDetail.marginCallSummary[].reportingCallAmount,margin call,margin_call,credit_risk,ISDA,,,,,draft,
rds_tam_reference_view_sample.json,exposureDetail.marginCallSummary[].bookedAmountFirstLeg,booked amount,booked_amount,credit_risk,convention,,,,,draft,
rds_tam_reference_view_sample.json,exposureDetail.marginCallSummary[].reportingCcy,,,,,,,,ccy,unmatched,review / add to glossary
rds_tam_reference_view_sample.json,exposureDetail.marginCallSummary[].baseCallAmount,margin call,margin_call,credit_risk,ISDA,,,,,draft,
rds_tam_reference_view_sample.json,audit.userId,,,,,,,,,unmatched,review / add to glossary
rds_tam_reference_view_sample.json,audit.validFrom,,,,,,,,,unmatched,review / add to glossary
rds_tam_reference_view_sample.json,audit.timestamp,,,,,,,,,unmatched,review / add to glossary
rds_tam_reference_view_sample.json,audit.forceTimestamp,,,,,,,,,unmatched,review / add to glossary
rds_tam_reference_view_sample.json,audit.validFromDate,date,dt,shared,ISO,,,,,draft,
rds_tam_reference_view_sample.json,audit.timestampDate,date,dt,shared,ISO,,,,,draft,
rds_tam_reference_view_sample.json,assetHolding[].bookingMarketValue,,,,,,,,,unmatched,review / add to glossary
rds_tam_reference_view_sample.json,assetHolding[].baseMarketValue,,,,,,,,,unmatched,review / add to glossary
rds_tam_reference_view_sample.json,assetHolding[].rehypothecationRights,rehypothecation rights,rehypothecation,credit_risk,ISDA,,,,,draft,
rds_tam_reference_view_sample.json,assetHolding[].instrumentId,trade identifier,trade_id,trades,FpML,,,,,draft,
rds_tam_reference_view_sample.json,assetHolding[].assetCcy,collateral holding,asset_holding,credit_risk,convention,,,,ccy,draft,
rds_tam_reference_view_sample.json,assetHolding[].assetClass,asset class,asset_class,credit_risk,convention,,,,,draft,
rds_tam_reference_view_sample.json,assetHolding[].haircut,collateral haircut,haircut,credit_risk,Basel,,,,,draft,
rds_tam_reference_view_sample.json,assetHolding[].reportedMarketValue,,,,,,,,,unmatched,review / add to glossary
rds_tam_reference_view_sample.json,assetHolding[].reportingCcy,,,,,,,,ccy,unmatched,review / add to glossary
rds_tam_reference_view_sample.json,assetHolding[].instrumentIdType,ISDA product taxonomy,isda_product_type,trades,ISDA,,,,,draft,
rds_tam_reference_view_sample.json,assetHolding[].assetType,collateral holding,asset_holding,credit_risk,convention,,,,,draft,
rds_tam_reference_view_sample.json,assetHolding[].imRehypothecationRights,rehypothecation rights,rehypothecation,credit_risk,ISDA,,,IM,,draft,
rds_tam_reference_view_sample.json,assetHolding[].baseAdjustedCollateralValue,,,,,,,,,unmatched,review / add to glossary
rds_tam_reference_view_sample.json,assetHolding[].parAmount,par value,par_value,trades,FIBO,,,,,draft,
rds_tam_reference_view_sample.json,assetHolding[].settlementStatus,settlement status,settlement_status,credit_risk,convention,,,,,draft,
rds_tam_reference_view_sample.json,assetHolding[].internalPolicyReuse,,,,,,,,,unmatched,review / add to glossary
rds_tam_reference_view_sample.json,assetHolding[].bookingType,,,,,,,,,unmatched,review / add to glossary
rds_tam_reference_view_sample.json,assetHolding[].marginType,margin type,margin_type,credit_risk,ISDA,,,,,draft,
rds_tam_reference_view_sample.json,assetHolding[].maturityDate,maturity,mat,trades,FIBO,,,,,draft,
rds_tam_reference_view_sample.json,assetHolding[].reportedCollateralValue,collateral value,collateral_value,credit_risk,convention,,,,,draft,
rds_tam_reference_view_sample.json,assetHolding[].position,position,pos,trades,convention,,,,,draft,
rds_tam_reference_view_sample.json,agreementCategory,agreement category,agreement_category,credit_risk,convention,,,,,draft,
rds_tam_reference_view_sample.json,assetMovementList[].date,date,dt,shared,ISO,,,,,draft,
rds_tam_reference_view_sample.json,assetMovementList[].collateralStatus,collateral status,collateral_status,credit_risk,convention,,,,,draft,
rds_tam_reference_view_sample.json,assetMovementList[].instrumentID,trade identifier,trade_id,trades,FpML,,,,,draft,
rds_tam_reference_view_sample.json,assetMovementList[].marketValue,,,,,,,,,unmatched,review / add to glossary
rds_tam_reference_view_sample.json,assetMovementList[].assetClass,asset class,asset_class,credit_risk,convention,,,,,draft,
rds_tam_reference_view_sample.json,assetMovementList[].settlementDate,settlement date,settlement_date,shared,convention,,,,,draft,
rds_tam_reference_view_sample.json,assetMovementList[].reportingCcy,,,,,,,,ccy,unmatched,review / add to glossary
rds_tam_reference_view_sample.json,assetMovementList[].assetType,collateral holding,asset_holding,credit_risk,convention,,,,,draft,
rds_tam_reference_view_sample.json,assetMovementList[].movementType,collateral movement,asset_movement,credit_risk,convention,,,,,draft,
rds_tam_reference_view_sample.json,assetMovementList[].nominalAmount,notional,notional,trades,FpML,,,,,draft,
rds_tam_reference_view_sample.json,assetMovementList[].collateralValue,collateral value,collateral_value,credit_risk,convention,,,,,draft,
rds_tam_reference_view_sample.json,assetMovementList[].repoCcy,repurchase agreement,repo,trades,ISDA,,,,ccy,draft,
rds_tam_reference_view_sample.json,assetMovementList[].paymentInstructionsBucket,time bucket,time_bucket,credit_risk,convention,,,,,draft,
rds_tam_reference_view_sample.json,assetMovementList[].movement,collateral movement,asset_movement,credit_risk,convention,,,,,draft,
rds_tam_reference_view_sample.json,collateralAgreementID,collateral agreement identifier,collateral_agreement_id,credit_risk,convention,,,,,draft,
rds_tam_reference_view_sample.json,agreementID,collateral agreement identifier,collateral_agreement_id,credit_risk,convention,,,,,draft,
rds_tam_reference_view_sample.json,agreementGroupCode,agreement group,agreement_group,credit_risk,ISDA,,,,,draft,
rds_tam_reference_view_sample.json,agreementType,agreement type,agreement_type,credit_risk,ISDA,,,,,draft,
rds_tam_reference_view_sample.json,agreementDescription,agreement,agrmt,credit_risk,FIBO,,,,,draft,
rds_tam_reference_view_sample.json,td,,,,,TD,,,,unmatched,review / add to glossary
rds_tam_reference_view_sample.json,tdLei,Legal Entity Identifier,lei,reference_data,ISO,TD,,,,draft,
rds_tam_reference_view_sample.json,tdShortCode,entity code,entity_code,reference_data,convention,TD,,,,draft,
rds_tam_reference_view_sample.json,cp,counterparty,cpty,reference_data,FIBO,CP,,,,draft,
rds_tam_reference_view_sample.json,cpLei,Legal Entity Identifier,lei,reference_data,ISO,CP,,,,draft,
rds_tam_reference_view_sample.json,cpShortCode,entity code,entity_code,reference_data,convention,CP,,,,draft,
rds_tam_reference_view_sample.json,goldtierID,GoldTier identifier,goldtier_id,reference_data,convention,,,,,draft,
rds_tam_reference_view_sample.json,cpRating,rating,rtg,reference_data,FIBO,CP,,,,draft,
rds_tam_reference_view_sample.json,tdRating,rating,rtg,reference_data,FIBO,TD,,,,draft,
rds_tam_reference_view_sample.json,imBreakDown.simmReportingCcy,ISDA SIMM,simm,credit_risk,ISDA,,,,ccy,draft,
rds_tam_reference_view_sample.json,imBreakDown.equity,equity derivative,eqd,trades,ISDA,,,,,draft,
rds_tam_reference_view_sample.json,active,,,,,,,,,unmatched,review / add to glossary
